Copyright 1986-2022 Xilinx, Inc. All Rights Reserved. Copyright 2022-2023 Advanced Micro Devices, Inc. All Rights Reserved.
---------------------------------------------------------------------------------------------------------------------------------------------
| Tool Version : Vivado v.2023.2 (win64) Build 4029153 Fri Oct 13 20:14:34 MDT 2023
| Date         : Fri Sep  4 23:46:18 2026
| Host         : zlsjtj running 64-bit major release  (build 9200)
| Command      : report_timing_summary -delay_type max -max_paths 10 -file reports/synthesis/timing_summary.rpt
| Design       : apb_uart
| Device       : 7a35t-cpg236
| Speed File   : -1  PRODUCTION 1.23 2018-06-13
| Design State : Synthesized
---------------------------------------------------------------------------------------------------------------------------------------------

Timing Summary Report

------------------------------------------------------------------------------------------------
| Timer Settings
| --------------
------------------------------------------------------------------------------------------------

  Enable Multi Corner Analysis               :  Yes
  Enable Pessimism Removal                   :  Yes
  Pessimism Removal Resolution               :  Nearest Common Node
  Enable Input Delay Default Clock           :  No
  Enable Preset / Clear Arcs                 :  No
  Disable Flight Delays                      :  No
  Ignore I/O Paths                           :  No
  Timing Early Launch at Borrowing Latches   :  No
  Borrow Time for Max Delay Exceptions       :  Yes
  Merge Timing Exceptions                    :  Yes
  Inter-SLR Compensation                     :  Conservative

  Corner  Analyze    Analyze    
  Name    Max Paths  Min Paths  
  ------  ---------  ---------  
  Slow    Yes        Yes        
  Fast    Yes        Yes        


------------------------------------------------------------------------------------------------
| Report Methodology
| ------------------
------------------------------------------------------------------------------------------------

No report available as report_methodology has not been run prior. Run report_methodology on the current design for the summary of methodology violations.



check_timing report

Table of Contents
-----------------
1. checking no_clock (0)
2. checking constant_clock (0)
3. checking pulse_width_clock (0)
4. checking unconstrained_internal_endpoints (0)
5. checking no_input_delay (46)
6. checking no_output_delay (35)
7. checking multiple_clock (0)
8. checking generated_clocks (0)
9. checking loops (0)
10. checking partial_input_delay (0)
11. checking partial_output_delay (0)
12. checking latch_loops (0)

1. checking no_clock (0)
------------------------
 There are 0 register/latch pins with no clock.


2. checking constant_clock (0)
------------------------------
 There are 0 register/latch pins with constant_clock.


3. checking pulse_width_clock (0)
---------------------------------
 There are 0 register/latch pins which need pulse_width check


4. checking unconstrained_internal_endpoints (0)
------------------------------------------------
 There are 0 pins that are not constrained for maximum delay.

 There are 0 pins that are not constrained for maximum delay due to constant clock.


5. checking no_input_delay (46)
-------------------------------
 There are 44 input ports with no input delay specified. (HIGH)

 There are 2 input ports with no input delay but user has a false path constraint. (MEDIUM)


6. checking no_output_delay (35)
--------------------------------
 There are 35 ports with no output delay specified. (HIGH)

 There are 0 ports with no output delay but user has a false path constraint

 There are 0 ports with no output delay but with a timing clock defined on it or propagating through it


7. checking multiple_clock (0)
------------------------------
 There are 0 register/latch pins with multiple clocks.


8. checking generated_clocks (0)
--------------------------------
 There are 0 generated clocks that are not connected to a clock source.


9. checking loops (0)
---------------------
 There are 0 combinational loops in the design.


10. checking partial_input_delay (0)
------------------------------------
 There are 0 input ports with partial input delay specified.


11. checking partial_output_delay (0)
-------------------------------------
 There are 0 ports with partial output delay specified.


12. checking latch_loops (0)
----------------------------
 There are 0 combinational latch loops in the design through latch input



------------------------------------------------------------------------------------------------
| Design Timing Summary
| ---------------------
------------------------------------------------------------------------------------------------

    WNS(ns)      TNS(ns)  TNS Failing Endpoints  TNS Total Endpoints     WPWS(ns)     TPWS(ns)  TPWS Failing Endpoints  TPWS Total Endpoints  
    -------      -------  ---------------------  -------------------     --------     --------  ----------------------  --------------------  
      6.025        0.000                      0                  718        3.750        0.000                       0                   328  


All user specified timing constraints are met.


------------------------------------------------------------------------------------------------
| Clock Summary
| -------------
------------------------------------------------------------------------------------------------

Clock     Waveform(ns)       Period(ns)      Frequency(MHz)
-----     ------------       ----------      --------------
pclk      {0.000 5.000}      10.000          100.000         
uart_clk  {0.000 20.000}     40.000          25.000          


------------------------------------------------------------------------------------------------
| Intra Clock Table
| -----------------
------------------------------------------------------------------------------------------------

Clock             WNS(ns)      TNS(ns)  TNS Failing Endpoints  TNS Total Endpoints     WPWS(ns)     TPWS(ns)  TPWS Failing Endpoints  TPWS Total Endpoints  
-----             -------      -------  ---------------------  -------------------     --------     --------  ----------------------  --------------------  
pclk                6.025        0.000                      0                  197        3.750        0.000                       0                   165  
uart_clk           31.993        0.000                      0                  227       18.750        0.000                       0                   163  


------------------------------------------------------------------------------------------------
| Inter Clock Table
| -----------------
------------------------------------------------------------------------------------------------

From Clock    To Clock          WNS(ns)      TNS(ns)  TNS Failing Endpoints  TNS Total Endpoints  
----------    --------          -------      -------  ---------------------  -------------------  


------------------------------------------------------------------------------------------------
| Other Path Groups Table
| -----------------------
------------------------------------------------------------------------------------------------

Path Group         From Clock         To Clock               WNS(ns)      TNS(ns)  TNS Failing Endpoints  TNS Total Endpoints  
----------         ----------         --------               -------      -------  ---------------------  -------------------  
**async_default**  pclk               pclk                     7.471        0.000                      0                  148  
**async_default**  uart_clk           uart_clk                37.480        0.000                      0                  146  


------------------------------------------------------------------------------------------------
| Timing Details
| --------------
------------------------------------------------------------------------------------------------


---------------------------------------------------------------------------------------------------
From Clock:  pclk
  To Clock:  pclk

Setup :            0  Failing Endpoints,  Worst Slack        6.025ns,  Total Violation        0.000ns
Hold  :           NA  Failing Endpoints,  Worst Slack           NA  ,  Total Violation           NA
PW    :            0  Failing Endpoints,  Worst Slack        3.750ns,  Total Violation        0.000ns
---------------------------------------------------------------------------------------------------


Max Delay Paths
--------------------------------------------------------------------------------------
Slack (MET) :             6.025ns  (required time - arrival time)
  Source:                 u_tx_fifo/rgray_wclk_q2_reg[0]/C
                            (rising edge-triggered cell FDCE clocked by pclk  {rise@0.000ns fall@5.000ns period=10.000ns})
  Destination:            u_tx_fifo/mem_reg_0_15_0_5/RAMA/WE
                            (rising edge-triggered cell RAMD32 clocked by pclk  {rise@0.000ns fall@5.000ns period=10.000ns})
  Path Group:             pclk
  Path Type:              Setup (Max at Slow Process Corner)
  Requirement:            10.000ns  (pclk rise@10.000ns - pclk rise@0.000ns)
  Data Path Delay:        3.267ns  (logic 0.999ns (30.579%)  route 2.268ns (69.422%))
  Logic Levels:           3  (LUT5=1 LUT6=2)
  Clock Path Skew:        -0.145ns (DCD - SCD + CPR)
    Destination Clock Delay (DCD):    2.079ns = ( 12.079 - 10.000 ) 
    Source Clock Delay      (SCD):    2.402ns
    Clock Pessimism Removal (CPR):    0.178ns
  Clock Uncertainty:      0.035ns  ((TSJ^2 + TIJ^2)^1/2 + DJ) / 2 + PE
    Total System Jitter     (TSJ):    0.071ns
    Total Input Jitter      (TIJ):    0.000ns
    Discrete Jitter          (DJ):    0.000ns
    Phase Error              (PE):    0.000ns

    Location             Delay type                Incr(ns)  Path(ns)    Netlist Resource(s)
  -------------------------------------------------------------------    -------------------
                         (clock pclk rise edge)       0.000     0.000 r  
                                                      0.000     0.000 r  pclk (IN)
                         net (fo=0)                   0.000     0.000    pclk
                         IBUF (Prop_ibuf_I_O)         0.923     0.923 r  pclk_IBUF_inst/O
                         net (fo=1, unplaced)         0.800     1.722    pclk_IBUF
                         BUFG (Prop_bufg_I_O)         0.096     1.818 r  pclk_IBUF_BUFG_inst/O
                         net (fo=164, unplaced)       0.584     2.402    u_tx_fifo/pclk_IBUF_BUFG
                         FDCE                                         r  u_tx_fifo/rgray_wclk_q2_reg[0]/C
  -------------------------------------------------------------------    -------------------
                         FDCE (Prop_fdce_C_Q)         0.456     2.858 r  u_tx_fifo/rgray_wclk_q2_reg[0]/Q
                         net (fo=1, unplaced)         0.965     3.823    u_tx_fifo/rgray_wclk_q2[0]
                         LUT6 (Prop_lut6_I0_O)        0.295     4.118 f  u_tx_fifo/mem_reg_0_15_0_5_i_3/O
                         net (fo=1, unplaced)         0.449     4.567    u_tx_fifo/mem_reg_0_15_0_5_i_3_n_0
                         LUT5 (Prop_lut5_I0_O)        0.124     4.691 r  u_tx_fifo/mem_reg_0_15_0_5_i_2/O
                         net (fo=4, unplaced)         0.473     5.164    u_regs/wbin_next1
                         LUT6 (Prop_lut6_I5_O)        0.124     5.288 r  u_regs/mem_reg_0_15_0_5_i_1/O
                         net (fo=12, unplaced)        0.381     5.669    u_tx_fifo/mem_reg_0_15_0_5/WE
                         RAMD32                                       r  u_tx_fifo/mem_reg_0_15_0_5/RAMA/WE
  -------------------------------------------------------------------    -------------------

                         (clock pclk rise edge)      10.000    10.000 r  
                                                      0.000    10.000 r  pclk (IN)
                         net (fo=0)                   0.000    10.000    pclk
                         IBUF (Prop_ibuf_I_O)         0.789    10.789 r  pclk_IBUF_inst/O
                         net (fo=1, unplaced)         0.760    11.549    pclk_IBUF
                         BUFG (Prop_bufg_I_O)         0.091    11.640 r  pclk_IBUF_BUFG_inst/O
                         net (fo=164, unplaced)       0.439    12.079    u_tx_fifo/mem_reg_0_15_0_5/WCLK
                         RAMD32                                       r  u_tx_fifo/mem_reg_0_15_0_5/RAMA/CLK
                         clock pessimism              0.178    12.257    
                         clock uncertainty           -0.035    12.222    
                         RAMD32 (Setup_ramd32_CLK_WE)
                                                     -0.528    11.694    u_tx_fifo/mem_reg_0_15_0_5/RAMA
  -------------------------------------------------------------------
                         required time                         11.694    
                         arrival time                          -5.669    
  -------------------------------------------------------------------
                         slack                                  6.025    

Slack (MET) :             6.025ns  (required time - arrival time)
  Source:                 u_tx_fifo/rgray_wclk_q2_reg[0]/C
                            (rising edge-triggered cell FDCE clocked by pclk  {rise@0.000ns fall@5.000ns period=10.000ns})
  Destination:            u_tx_fifo/mem_reg_0_15_0_5/RAMA_D1/WE
                            (rising edge-triggered cell RAMD32 clocked by pclk  {rise@0.000ns fall@5.000ns period=10.000ns})
  Path Group:             pclk
  Path Type:              Setup (Max at Slow Process Corner)
  Requirement:            10.000ns  (pclk rise@10.000ns - pclk rise@0.000ns)
  Data Path Delay:        3.267ns  (logic 0.999ns (30.579%)  route 2.268ns (69.422%))
  Logic Levels:           3  (LUT5=1 LUT6=2)
  Clock Path Skew:        -0.145ns (DCD - SCD + CPR)
    Destination Clock Delay (DCD):    2.079ns = ( 12.079 - 10.000 ) 
    Source Clock Delay      (SCD):    2.402ns
    Clock Pessimism Removal (CPR):    0.178ns
  Clock Uncertainty:      0.035ns  ((TSJ^2 + TIJ^2)^1/2 + DJ) / 2 + PE
    Total System Jitter     (TSJ):    0.071ns
    Total Input Jitter      (TIJ):    0.000ns
    Discrete Jitter          (DJ):    0.000ns
    Phase Error              (PE):    0.000ns

    Location             Delay type                Incr(ns)  Path(ns)    Netlist Resource(s)
  -------------------------------------------------------------------    -------------------
                         (clock pclk rise edge)       0.000     0.000 r  
                                                      0.000     0.000 r  pclk (IN)
                         net (fo=0)                   0.000     0.000    pclk
                         IBUF (Prop_ibuf_I_O)         0.923     0.923 r  pclk_IBUF_inst/O
                         net (fo=1, unplaced)         0.800     1.722    pclk_IBUF
                         BUFG (Prop_bufg_I_O)         0.096     1.818 r  pclk_IBUF_BUFG_inst/O
                         net (fo=164, unplaced)       0.584     2.402    u_tx_fifo/pclk_IBUF_BUFG
                         FDCE                                         r  u_tx_fifo/rgray_wclk_q2_reg[0]/C
  -------------------------------------------------------------------    -------------------
                         FDCE (Prop_fdce_C_Q)         0.456     2.858 r  u_tx_fifo/rgray_wclk_q2_reg[0]/Q
                         net (fo=1, unplaced)         0.965     3.823    u_tx_fifo/rgray_wclk_q2[0]
                         LUT6 (Prop_lut6_I0_O)        0.295     4.118 f  u_tx_fifo/mem_reg_0_15_0_5_i_3/O
                         net (fo=1, unplaced)         0.449     4.567    u_tx_fifo/mem_reg_0_15_0_5_i_3_n_0
                         LUT5 (Prop_lut5_I0_O)        0.124     4.691 r  u_tx_fifo/mem_reg_0_15_0_5_i_2/O
                         net (fo=4, unplaced)         0.473     5.164    u_regs/wbin_next1
                         LUT6 (Prop_lut6_I5_O)        0.124     5.288 r  u_regs/mem_reg_0_15_0_5_i_1/O
                         net (fo=12, unplaced)        0.381     5.669    u_tx_fifo/mem_reg_0_15_0_5/WE
                         RAMD32                                       r  u_tx_fifo/mem_reg_0_15_0_5/RAMA_D1/WE
  -------------------------------------------------------------------    -------------------

                         (clock pclk rise edge)      10.000    10.000 r  
                                                      0.000    10.000 r  pclk (IN)
                         net (fo=0)                   0.000    10.000    pclk
                         IBUF (Prop_ibuf_I_O)         0.789    10.789 r  pclk_IBUF_inst/O
                         net (fo=1, unplaced)         0.760    11.549    pclk_IBUF
                         BUFG (Prop_bufg_I_O)         0.091    11.640 r  pclk_IBUF_BUFG_inst/O
                         net (fo=164, unplaced)       0.439    12.079    u_tx_fifo/mem_reg_0_15_0_5/WCLK
                         RAMD32                                       r  u_tx_fifo/mem_reg_0_15_0_5/RAMA_D1/CLK
                         clock pessimism              0.178    12.257    
                         clock uncertainty           -0.035    12.222    
                         RAMD32 (Setup_ramd32_CLK_WE)
                                                     -0.528    11.694    u_tx_fifo/mem_reg_0_15_0_5/RAMA_D1
  -------------------------------------------------------------------
                         required time                         11.694    
                         arrival time                          -5.669    
  -------------------------------------------------------------------
                         slack                                  6.025    

Slack (MET) :             6.025ns  (required time - arrival time)
  Source:                 u_tx_fifo/rgray_wclk_q2_reg[0]/C
                            (rising edge-triggered cell FDCE clocked by pclk  {rise@0.000ns fall@5.000ns period=10.000ns})
  Destination:            u_tx_fifo/mem_reg_0_15_0_5/RAMB/WE
                            (rising edge-triggered cell RAMD32 clocked by pclk  {rise@0.000ns fall@5.000ns period=10.000ns})
  Path Group:             pclk
  Path Type:              Setup (Max at Slow Process Corner)
  Requirement:            10.000ns  (pclk rise@10.000ns - pclk rise@0.000ns)
  Data Path Delay:        3.267ns  (logic 0.999ns (30.579%)  route 2.268ns (69.422%))
  Logic Levels:           3  (LUT5=1 LUT6=2)
  Clock Path Skew:        -0.145ns (DCD - SCD + CPR)
    Destination Clock Delay (DCD):    2.079ns = ( 12.079 - 10.000 ) 
    Source Clock Delay      (SCD):    2.402ns
    Clock Pessimism Removal (CPR):    0.178ns
  Clock Uncertainty:      0.035ns  ((TSJ^2 + TIJ^2)^1/2 + DJ) / 2 + PE
    Total System Jitter     (TSJ):    0.071ns
    Total Input Jitter      (TIJ):    0.000ns
    Discrete Jitter          (DJ):    0.000ns
    Phase Error              (PE):    0.000ns

    Location             Delay type                Incr(ns)  Path(ns)    Netlist Resource(s)
  -------------------------------------------------------------------    -------------------
                         (clock pclk rise edge)       0.000     0.000 r  
                                                      0.000     0.000 r  pclk (IN)
                         net (fo=0)                   0.000     0.000    pclk
                         IBUF (Prop_ibuf_I_O)         0.923     0.923 r  pclk_IBUF_inst/O
                         net (fo=1, unplaced)         0.800     1.722    pclk_IBUF
                         BUFG (Prop_bufg_I_O)         0.096     1.818 r  pclk_IBUF_BUFG_inst/O
                         net (fo=164, unplaced)       0.584     2.402    u_tx_fifo/pclk_IBUF_BUFG
                         FDCE                                         r  u_tx_fifo/rgray_wclk_q2_reg[0]/C
  -------------------------------------------------------------------    -------------------
                         FDCE (Prop_fdce_C_Q)         0.456     2.858 r  u_tx_fifo/rgray_wclk_q2_reg[0]/Q
                         net (fo=1, unplaced)         0.965     3.823    u_tx_fifo/rgray_wclk_q2[0]
                         LUT6 (Prop_lut6_I0_O)        0.295     4.118 f  u_tx_fifo/mem_reg_0_15_0_5_i_3/O
                         net (fo=1, unplaced)         0.449     4.567    u_tx_fifo/mem_reg_0_15_0_5_i_3_n_0
                         LUT5 (Prop_lut5_I0_O)        0.124     4.691 r  u_tx_fifo/mem_reg_0_15_0_5_i_2/O
                         net (fo=4, unplaced)         0.473     5.164    u_regs/wbin_next1
                         LUT6 (Prop_lut6_I5_O)        0.124     5.288 r  u_regs/mem_reg_0_15_0_5_i_1/O
                         net (fo=12, unplaced)        0.381     5.669    u_tx_fifo/mem_reg_0_15_0_5/WE
                         RAMD32                                       r  u_tx_fifo/mem_reg_0_15_0_5/RAMB/WE
  -------------------------------------------------------------------    -------------------

                         (clock pclk rise edge)      10.000    10.000 r  
                                                      0.000    10.000 r  pclk (IN)
                         net (fo=0)                   0.000    10.000    pclk
                         IBUF (Prop_ibuf_I_O)         0.789    10.789 r  pclk_IBUF_inst/O
                         net (fo=1, unplaced)         0.760    11.549    pclk_IBUF
                         BUFG (Prop_bufg_I_O)         0.091    11.640 r  pclk_IBUF_BUFG_inst/O
                         net (fo=164, unplaced)       0.439    12.079    u_tx_fifo/mem_reg_0_15_0_5/WCLK
                         RAMD32                                       r  u_tx_fifo/mem_reg_0_15_0_5/RAMB/CLK
                         clock pessimism              0.178    12.257    
                         clock uncertainty           -0.035    12.222    
                         RAMD32 (Setup_ramd32_CLK_WE)
                                                     -0.528    11.694    u_tx_fifo/mem_reg_0_15_0_5/RAMB
  -------------------------------------------------------------------
                         required time                         11.694    
                         arrival time                          -5.669    
  -------------------------------------------------------------------
                         slack                                  6.025    

Slack (MET) :             6.025ns  (required time - arrival time)
  Source:                 u_tx_fifo/rgray_wclk_q2_reg[0]/C
                            (rising edge-triggered cell FDCE clocked by pclk  {rise@0.000ns fall@5.000ns period=10.000ns})
  Destination:            u_tx_fifo/mem_reg_0_15_0_5/RAMB_D1/WE
                            (rising edge-triggered cell RAMD32 clocked by pclk  {rise@0.000ns fall@5.000ns period=10.000ns})
  Path Group:             pclk
  Path Type:              Setup (Max at Slow Process Corner)
  Requirement:            10.000ns  (pclk rise@10.000ns - pclk rise@0.000ns)
  Data Path Delay:        3.267ns  (logic 0.999ns (30.579%)  route 2.268ns (69.422%))
  Logic Levels:           3  (LUT5=1 LUT6=2)
  Clock Path Skew:        -0.145ns (DCD - SCD + CPR)
    Destination Clock Delay (DCD):    2.079ns = ( 12.079 - 10.000 ) 
    Source Clock Delay      (SCD):    2.402ns
    Clock Pessimism Removal (CPR):    0.178ns
  Clock Uncertainty:      0.035ns  ((TSJ^2 + TIJ^2)^1/2 + DJ) / 2 + PE
    Total System Jitter     (TSJ):    0.071ns
    Total Input Jitter      (TIJ):    0.000ns
    Discrete Jitter          (DJ):    0.000ns
    Phase Error              (PE):    0.000ns

    Location             Delay type                Incr(ns)  Path(ns)    Netlist Resource(s)
  -------------------------------------------------------------------    -------------------
                         (clock pclk rise edge)       0.000     0.000 r  
                                                      0.000     0.000 r  pclk (IN)
                         net (fo=0)                   0.000     0.000    pclk
                         IBUF (Prop_ibuf_I_O)         0.923     0.923 r  pclk_IBUF_inst/O
                         net (fo=1, unplaced)         0.800     1.722    pclk_IBUF
                         BUFG (Prop_bufg_I_O)         0.096     1.818 r  pclk_IBUF_BUFG_inst/O
                         net (fo=164, unplaced)       0.584     2.402    u_tx_fifo/pclk_IBUF_BUFG
                         FDCE                                         r  u_tx_fifo/rgray_wclk_q2_reg[0]/C
  -------------------------------------------------------------------    -------------------
                         FDCE (Prop_fdce_C_Q)         0.456     2.858 r  u_tx_fifo/rgray_wclk_q2_reg[0]/Q
                         net (fo=1, unplaced)         0.965     3.823    u_tx_fifo/rgray_wclk_q2[0]
                         LUT6 (Prop_lut6_I0_O)        0.295     4.118 f  u_tx_fifo/mem_reg_0_15_0_5_i_3/O
                         net (fo=1, unplaced)         0.449     4.567    u_tx_fifo/mem_reg_0_15_0_5_i_3_n_0
                         LUT5 (Prop_lut5_I0_O)        0.124     4.691 r  u_tx_fifo/mem_reg_0_15_0_5_i_2/O
                         net (fo=4, unplaced)         0.473     5.164    u_regs/wbin_next1
                         LUT6 (Prop_lut6_I5_O)        0.124     5.288 r  u_regs/mem_reg_0_15_0_5_i_1/O
                         net (fo=12, unplaced)        0.381     5.669    u_tx_fifo/mem_reg_0_15_0_5/WE
                         RAMD32                                       r  u_tx_fifo/mem_reg_0_15_0_5/RAMB_D1/WE
  -------------------------------------------------------------------    -------------------

                         (clock pclk rise edge)      10.000    10.000 r  
                                                      0.000    10.000 r  pclk (IN)
                         net (fo=0)                   0.000    10.000    pclk
                         IBUF (Prop_ibuf_I_O)         0.789    10.789 r  pclk_IBUF_inst/O
                         net (fo=1, unplaced)         0.760    11.549    pclk_IBUF
                         BUFG (Prop_bufg_I_O)         0.091    11.640 r  pclk_IBUF_BUFG_inst/O
                         net (fo=164, unplaced)       0.439    12.079    u_tx_fifo/mem_reg_0_15_0_5/WCLK
                         RAMD32                                       r  u_tx_fifo/mem_reg_0_15_0_5/RAMB_D1/CLK
                         clock pessimism              0.178    12.257    
                         clock uncertainty           -0.035    12.222    
                         RAMD32 (Setup_ramd32_CLK_WE)
                                                     -0.528    11.694    u_tx_fifo/mem_reg_0_15_0_5/RAMB_D1
  -------------------------------------------------------------------
                         required time                         11.694    
                         arrival time                          -5.669    
  -------------------------------------------------------------------
                         slack                                  6.025    

Slack (MET) :             6.025ns  (required time - arrival time)
  Source:                 u_tx_fifo/rgray_wclk_q2_reg[0]/C
                            (rising edge-triggered cell FDCE clocked by pclk  {rise@0.000ns fall@5.000ns period=10.000ns})
  Destination:            u_tx_fifo/mem_reg_0_15_0_5/RAMC/WE
                            (rising edge-triggered cell RAMD32 clocked by pclk  {rise@0.000ns fall@5.000ns period=10.000ns})
  Path Group:             pclk
  Path Type:              Setup (Max at Slow Process Corner)
  Requirement:            10.000ns  (pclk rise@10.000ns - pclk rise@0.000ns)
  Data Path Delay:        3.267ns  (logic 0.999ns (30.579%)  route 2.268ns (69.422%))
  Logic Levels:           3  (LUT5=1 LUT6=2)
  Clock Path Skew:        -0.145ns (DCD - SCD + CPR)
    Destination Clock Delay (DCD):    2.079ns = ( 12.079 - 10.000 ) 
    Source Clock Delay      (SCD):    2.402ns
    Clock Pessimism Removal (CPR):    0.178ns
  Clock Uncertainty:      0.035ns  ((TSJ^2 + TIJ^2)^1/2 + DJ) / 2 + PE
    Total System Jitter     (TSJ):    0.071ns
    Total Input Jitter      (TIJ):    0.000ns
    Discrete Jitter          (DJ):    0.000ns
    Phase Error              (PE):    0.000ns

    Location             Delay type                Incr(ns)  Path(ns)    Netlist Resource(s)
  -------------------------------------------------------------------    -------------------
                         (clock pclk rise edge)       0.000     0.000 r  
                                                      0.000     0.000 r  pclk (IN)
                         net (fo=0)                   0.000     0.000    pclk
                         IBUF (Prop_ibuf_I_O)         0.923     0.923 r  pclk_IBUF_inst/O
                         net (fo=1, unplaced)         0.800     1.722    pclk_IBUF
                         BUFG (Prop_bufg_I_O)         0.096     1.818 r  pclk_IBUF_BUFG_inst/O
                         net (fo=164, unplaced)       0.584     2.402    u_tx_fifo/pclk_IBUF_BUFG
                         FDCE                                         r  u_tx_fifo/rgray_wclk_q2_reg[0]/C
  -------------------------------------------------------------------    -------------------
                         FDCE (Prop_fdce_C_Q)         0.456     2.858 r  u_tx_fifo/rgray_wclk_q2_reg[0]/Q
                         net (fo=1, unplaced)         0.965     3.823    u_tx_fifo/rgray_wclk_q2[0]
                         LUT6 (Prop_lut6_I0_O)        0.295     4.118 f  u_tx_fifo/mem_reg_0_15_0_5_i_3/O
                         net (fo=1, unplaced)         0.449     4.567    u_tx_fifo/mem_reg_0_15_0_5_i_3_n_0
                         LUT5 (Prop_lut5_I0_O)        0.124     4.691 r  u_tx_fifo/mem_reg_0_15_0_5_i_2/O
                         net (fo=4, unplaced)         0.473     5.164    u_regs/wbin_next1
                         LUT6 (Prop_lut6_I5_O)        0.124     5.288 r  u_regs/mem_reg_0_15_0_5_i_1/O
                         net (fo=12, unplaced)        0.381     5.669    u_tx_fifo/mem_reg_0_15_0_5/WE
                         RAMD32                                       r  u_tx_fifo/mem_reg_0_15_0_5/RAMC/WE
  -------------------------------------------------------------------    -------------------

                         (clock pclk rise edge)      10.000    10.000 r  
                                                      0.000    10.000 r  pclk (IN)
                         net (fo=0)                   0.000    10.000    pclk
                         IBUF (Prop_ibuf_I_O)         0.789    10.789 r  pclk_IBUF_inst/O
                         net (fo=1, unplaced)         0.760    11.549    pclk_IBUF
                         BUFG (Prop_bufg_I_O)         0.091    11.640 r  pclk_IBUF_BUFG_inst/O
                         net (fo=164, unplaced)       0.439    12.079    u_tx_fifo/mem_reg_0_15_0_5/WCLK
                         RAMD32                                       r  u_tx_fifo/mem_reg_0_15_0_5/RAMC/CLK
                         clock pessimism              0.178    12.257    
                         clock uncertainty           -0.035    12.222    
                         RAMD32 (Setup_ramd32_CLK_WE)
                                                     -0.528    11.694    u_tx_fifo/mem_reg_0_15_0_5/RAMC
  -------------------------------------------------------------------
                         required time                         11.694    
                         arrival time                          -5.669    
  -------------------------------------------------------------------
                         slack                                  6.025    

Slack (MET) :             6.025ns  (required time - arrival time)
  Source:                 u_tx_fifo/rgray_wclk_q2_reg[0]/C
                            (rising edge-triggered cell FDCE clocked by pclk  {rise@0.000ns fall@5.000ns period=10.000ns})
  Destination:            u_tx_fifo/mem_reg_0_15_0_5/RAMC_D1/WE
                            (rising edge-triggered cell RAMD32 clocked by pclk  {rise@0.000ns fall@5.000ns period=10.000ns})
  Path Group:             pclk
  Path Type:              Setup (Max at Slow Process Corner)
  Requirement:            10.000ns  (pclk rise@10.000ns - pclk rise@0.000ns)
  Data Path Delay:        3.267ns  (logic 0.999ns (30.579%)  route 2.268ns (69.422%))
  Logic Levels:           3  (LUT5=1 LUT6=2)
  Clock Path Skew:        -0.145ns (DCD - SCD + CPR)
    Destination Clock Delay (DCD):    2.079ns = ( 12.079 - 10.000 ) 
    Source Clock Delay      (SCD):    2.402ns
    Clock Pessimism Removal (CPR):    0.178ns
  Clock Uncertainty:      0.035ns  ((TSJ^2 + TIJ^2)^1/2 + DJ) / 2 + PE
    Total System Jitter     (TSJ):    0.071ns
    Total Input Jitter      (TIJ):    0.000ns
    Discrete Jitter          (DJ):    0.000ns
    Phase Error              (PE):    0.000ns

    Location             Delay type                Incr(ns)  Path(ns)    Netlist Resource(s)
  -------------------------------------------------------------------    -------------------
                         (clock pclk rise edge)       0.000     0.000 r  
                                                      0.000     0.000 r  pclk (IN)
                         net (fo=0)                   0.000     0.000    pclk
                         IBUF (Prop_ibuf_I_O)         0.923     0.923 r  pclk_IBUF_inst/O
                         net (fo=1, unplaced)         0.800     1.722    pclk_IBUF
                         BUFG (Prop_bufg_I_O)         0.096     1.818 r  pclk_IBUF_BUFG_inst/O
                         net (fo=164, unplaced)       0.584     2.402    u_tx_fifo/pclk_IBUF_BUFG
                         FDCE                                         r  u_tx_fifo/rgray_wclk_q2_reg[0]/C
  -------------------------------------------------------------------    -------------------
                         FDCE (Prop_fdce_C_Q)         0.456     2.858 r  u_tx_fifo/rgray_wclk_q2_reg[0]/Q
                         net (fo=1, unplaced)         0.965     3.823    u_tx_fifo/rgray_wclk_q2[0]
                         LUT6 (Prop_lut6_I0_O)        0.295     4.118 f  u_tx_fifo/mem_reg_0_15_0_5_i_3/O
                         net (fo=1, unplaced)         0.449     4.567    u_tx_fifo/mem_reg_0_15_0_5_i_3_n_0
                         LUT5 (Prop_lut5_I0_O)        0.124     4.691 r  u_tx_fifo/mem_reg_0_15_0_5_i_2/O
                         net (fo=4, unplaced)         0.473     5.164    u_regs/wbin_next1
                         LUT6 (Prop_lut6_I5_O)        0.124     5.288 r  u_regs/mem_reg_0_15_0_5_i_1/O
                         net (fo=12, unplaced)        0.381     5.669    u_tx_fifo/mem_reg_0_15_0_5/WE
                         RAMD32                                       r  u_tx_fifo/mem_reg_0_15_0_5/RAMC_D1/WE
  -------------------------------------------------------------------    -------------------

                         (clock pclk rise edge)      10.000    10.000 r  
                                                      0.000    10.000 r  pclk (IN)
                         net (fo=0)                   0.000    10.000    pclk
                         IBUF (Prop_ibuf_I_O)         0.789    10.789 r  pclk_IBUF_inst/O
                         net (fo=1, unplaced)         0.760    11.549    pclk_IBUF
                         BUFG (Prop_bufg_I_O)         0.091    11.640 r  pclk_IBUF_BUFG_inst/O
                         net (fo=164, unplaced)       0.439    12.079    u_tx_fifo/mem_reg_0_15_0_5/WCLK
                         RAMD32                                       r  u_tx_fifo/mem_reg_0_15_0_5/RAMC_D1/CLK
                         clock pessimism              0.178    12.257    
                         clock uncertainty           -0.035    12.222    
                         RAMD32 (Setup_ramd32_CLK_WE)
                                                     -0.528    11.694    u_tx_fifo/mem_reg_0_15_0_5/RAMC_D1
  -------------------------------------------------------------------
                         required time                         11.694    
                         arrival time                          -5.669    
  -------------------------------------------------------------------
                         slack                                  6.025    

Slack (MET) :             6.025ns  (required time - arrival time)
  Source:                 u_tx_fifo/rgray_wclk_q2_reg[0]/C
                            (rising edge-triggered cell FDCE clocked by pclk  {rise@0.000ns fall@5.000ns period=10.000ns})
  Destination:            u_tx_fifo/mem_reg_0_15_0_5/RAMD/WE
                            (rising edge-triggered cell RAMS32 clocked by pclk  {rise@0.000ns fall@5.000ns period=10.000ns})
  Path Group:             pclk
  Path Type:              Setup (Max at Slow Process Corner)
  Requirement:            10.000ns  (pclk rise@10.000ns - pclk rise@0.000ns)
  Data Path Delay:        3.267ns  (logic 0.999ns (30.579%)  route 2.268ns (69.422%))
  Logic Levels:           3  (LUT5=1 LUT6=2)
  Clock Path Skew:        -0.145ns (DCD - SCD + CPR)
    Destination Clock Delay (DCD):    2.079ns = ( 12.079 - 10.000 ) 
    Source Clock Delay      (SCD):    2.402ns
    Clock Pessimism Removal (CPR):    0.178ns
  Clock Uncertainty:      0.035ns  ((TSJ^2 + TIJ^2)^1/2 + DJ) / 2 + PE
    Total System Jitter     (TSJ):    0.071ns
    Total Input Jitter      (TIJ):    0.000ns
    Discrete Jitter          (DJ):    0.000ns
    Phase Error              (PE):    0.000ns

    Location             Delay type                Incr(ns)  Path(ns)    Netlist Resource(s)
  -------------------------------------------------------------------    -------------------
                         (clock pclk rise edge)       0.000     0.000 r  
                                                      0.000     0.000 r  pclk (IN)
                         net (fo=0)                   0.000     0.000    pclk
                         IBUF (Prop_ibuf_I_O)         0.923     0.923 r  pclk_IBUF_inst/O
                         net (fo=1, unplaced)         0.800     1.722    pclk_IBUF
                         BUFG (Prop_bufg_I_O)         0.096     1.818 r  pclk_IBUF_BUFG_inst/O
                         net (fo=164, unplaced)       0.584     2.402    u_tx_fifo/pclk_IBUF_BUFG
                         FDCE                                         r  u_tx_fifo/rgray_wclk_q2_reg[0]/C
  -------------------------------------------------------------------    -------------------
                         FDCE (Prop_fdce_C_Q)         0.456     2.858 r  u_tx_fifo/rgray_wclk_q2_reg[0]/Q
                         net (fo=1, unplaced)         0.965     3.823    u_tx_fifo/rgray_wclk_q2[0]
                         LUT6 (Prop_lut6_I0_O)        0.295     4.118 f  u_tx_fifo/mem_reg_0_15_0_5_i_3/O
                         net (fo=1, unplaced)         0.449     4.567    u_tx_fifo/mem_reg_0_15_0_5_i_3_n_0
                         LUT5 (Prop_lut5_I0_O)        0.124     4.691 r  u_tx_fifo/mem_reg_0_15_0_5_i_2/O
                         net (fo=4, unplaced)         0.473     5.164    u_regs/wbin_next1
                         LUT6 (Prop_lut6_I5_O)        0.124     5.288 r  u_regs/mem_reg_0_15_0_5_i_1/O
                         net (fo=12, unplaced)        0.381     5.669    u_tx_fifo/mem_reg_0_15_0_5/WE
                         RAMS32                                       r  u_tx_fifo/mem_reg_0_15_0_5/RAMD/WE
  -------------------------------------------------------------------    -------------------

                         (clock pclk rise edge)      10.000    10.000 r  
                                                      0.000    10.000 r  pclk (IN)
                         net (fo=0)                   0.000    10.000    pclk
                         IBUF (Prop_ibuf_I_O)         0.789    10.789 r  pclk_IBUF_inst/O
                         net (fo=1, unplaced)         0.760    11.549    pclk_IBUF
                         BUFG (Prop_bufg_I_O)         0.091    11.640 r  pclk_IBUF_BUFG_inst/O
                         net (fo=164, unplaced)       0.439    12.079    u_tx_fifo/mem_reg_0_15_0_5/WCLK
                         RAMS32                                       r  u_tx_fifo/mem_reg_0_15_0_5/RAMD/CLK
                         clock pessimism              0.178    12.257    
                         clock uncertainty           -0.035    12.222    
                         RAMS32 (Setup_rams32_CLK_WE)
                                                     -0.528    11.694    u_tx_fifo/mem_reg_0_15_0_5/RAMD
  -------------------------------------------------------------------
                         required time                         11.694    
                         arrival time                          -5.669    
  -------------------------------------------------------------------
                         slack                                  6.025    

Slack (MET) :             6.025ns  (required time - arrival time)
  Source:                 u_tx_fifo/rgray_wclk_q2_reg[0]/C
                            (rising edge-triggered cell FDCE clocked by pclk  {rise@0.000ns fall@5.000ns period=10.000ns})
  Destination:            u_tx_fifo/mem_reg_0_15_0_5/RAMD_D1/WE
                            (rising edge-triggered cell RAMS32 clocked by pclk  {rise@0.000ns fall@5.000ns period=10.000ns})
  Path Group:             pclk
  Path Type:              Setup (Max at Slow Process Corner)
  Requirement:            10.000ns  (pclk rise@10.000ns - pclk rise@0.000ns)
  Data Path Delay:        3.267ns  (logic 0.999ns (30.579%)  route 2.268ns (69.422%))
  Logic Levels:           3  (LUT5=1 LUT6=2)
  Clock Path Skew:        -0.145ns (DCD - SCD + CPR)
    Destination Clock Delay (DCD):    2.079ns = ( 12.079 - 10.000 ) 
    Source Clock Delay      (SCD):    2.402ns
    Clock Pessimism Removal (CPR):    0.178ns
  Clock Uncertainty:      0.035ns  ((TSJ^2 + TIJ^2)^1/2 + DJ) / 2 + PE
    Total System Jitter     (TSJ):    0.071ns
    Total Input Jitter      (TIJ):    0.000ns
    Discrete Jitter          (DJ):    0.000ns
    Phase Error              (PE):    0.000ns

    Location             Delay type                Incr(ns)  Path(ns)    Netlist Resource(s)
  -------------------------------------------------------------------    -------------------
                         (clock pclk rise edge)       0.000     0.000 r  
                                                      0.000     0.000 r  pclk (IN)
                         net (fo=0)                   0.000     0.000    pclk
                         IBUF (Prop_ibuf_I_O)         0.923     0.923 r  pclk_IBUF_inst/O
                         net (fo=1, unplaced)         0.800     1.722    pclk_IBUF
                         BUFG (Prop_bufg_I_O)         0.096     1.818 r  pclk_IBUF_BUFG_inst/O
                         net (fo=164, unplaced)       0.584     2.402    u_tx_fifo/pclk_IBUF_BUFG
                         FDCE                                         r  u_tx_fifo/rgray_wclk_q2_reg[0]/C
  -------------------------------------------------------------------    -------------------
                         FDCE (Prop_fdce_C_Q)         0.456     2.858 r  u_tx_fifo/rgray_wclk_q2_reg[0]/Q
                         net (fo=1, unplaced)         0.965     3.823    u_tx_fifo/rgray_wclk_q2[0]
                         LUT6 (Prop_lut6_I0_O)        0.295     4.118 f  u_tx_fifo/mem_reg_0_15_0_5_i_3/O
                         net (fo=1, unplaced)         0.449     4.567    u_tx_fifo/mem_reg_0_15_0_5_i_3_n_0
                         LUT5 (Prop_lut5_I0_O)        0.124     4.691 r  u_tx_fifo/mem_reg_0_15_0_5_i_2/O
                         net (fo=4, unplaced)         0.473     5.164    u_regs/wbin_next1
                         LUT6 (Prop_lut6_I5_O)        0.124     5.288 r  u_regs/mem_reg_0_15_0_5_i_1/O
                         net (fo=12, unplaced)        0.381     5.669    u_tx_fifo/mem_reg_0_15_0_5/WE
                         RAMS32                                       r  u_tx_fifo/mem_reg_0_15_0_5/RAMD_D1/WE
  -------------------------------------------------------------------    -------------------

                         (clock pclk rise edge)      10.000    10.000 r  
                                                      0.000    10.000 r  pclk (IN)
                         net (fo=0)                   0.000    10.000    pclk
                         IBUF (Prop_ibuf_I_O)         0.789    10.789 r  pclk_IBUF_inst/O
                         net (fo=1, unplaced)         0.760    11.549    pclk_IBUF
                         BUFG (Prop_bufg_I_O)         0.091    11.640 r  pclk_IBUF_BUFG_inst/O
                         net (fo=164, unplaced)       0.439    12.079    u_tx_fifo/mem_reg_0_15_0_5/WCLK
                         RAMS32                                       r  u_tx_fifo/mem_reg_0_15_0_5/RAMD_D1/CLK
                         clock pessimism              0.178    12.257    
                         clock uncertainty           -0.035    12.222    
                         RAMS32 (Setup_rams32_CLK_WE)
                                                     -0.528    11.694    u_tx_fifo/mem_reg_0_15_0_5/RAMD_D1
  -------------------------------------------------------------------
                         required time                         11.694    
                         arrival time                          -5.669    
  -------------------------------------------------------------------
                         slack                                  6.025    

Slack (MET) :             6.025ns  (required time - arrival time)
  Source:                 u_tx_fifo/rgray_wclk_q2_reg[0]/C
                            (rising edge-triggered cell FDCE clocked by pclk  {rise@0.000ns fall@5.000ns period=10.000ns})
  Destination:            u_tx_fifo/mem_reg_0_15_6_7/DP/WE
                            (rising edge-triggered cell RAMD32 clocked by pclk  {rise@0.000ns fall@5.000ns period=10.000ns})
  Path Group:             pclk
  Path Type:              Setup (Max at Slow Process Corner)
  Requirement:            10.000ns  (pclk rise@10.000ns - pclk rise@0.000ns)
  Data Path Delay:        3.267ns  (logic 0.999ns (30.579%)  route 2.268ns (69.422%))
  Logic Levels:           3  (LUT5=1 LUT6=2)
  Clock Path Skew:        -0.145ns (DCD - SCD + CPR)
    Destination Clock Delay (DCD):    2.079ns = ( 12.079 - 10.000 ) 
    Source Clock Delay      (SCD):    2.402ns
    Clock Pessimism Removal (CPR):    0.178ns
  Clock Uncertainty:      0.035ns  ((TSJ^2 + TIJ^2)^1/2 + DJ) / 2 + PE
    Total System Jitter     (TSJ):    0.071ns
    Total Input Jitter      (TIJ):    0.000ns
    Discrete Jitter          (DJ):    0.000ns
    Phase Error              (PE):    0.000ns

    Location             Delay type                Incr(ns)  Path(ns)    Netlist Resource(s)
  -------------------------------------------------------------------    -------------------
                         (clock pclk rise edge)       0.000     0.000 r  
                                                      0.000     0.000 r  pclk (IN)
                         net (fo=0)                   0.000     0.000    pclk
                         IBUF (Prop_ibuf_I_O)         0.923     0.923 r  pclk_IBUF_inst/O
                         net (fo=1, unplaced)         0.800     1.722    pclk_IBUF
                         BUFG (Prop_bufg_I_O)         0.096     1.818 r  pclk_IBUF_BUFG_inst/O
                         net (fo=164, unplaced)       0.584     2.402    u_tx_fifo/pclk_IBUF_BUFG
                         FDCE                                         r  u_tx_fifo/rgray_wclk_q2_reg[0]/C
  -------------------------------------------------------------------    -------------------
                         FDCE (Prop_fdce_C_Q)         0.456     2.858 r  u_tx_fifo/rgray_wclk_q2_reg[0]/Q
                         net (fo=1, unplaced)         0.965     3.823    u_tx_fifo/rgray_wclk_q2[0]
                         LUT6 (Prop_lut6_I0_O)        0.295     4.118 f  u_tx_fifo/mem_reg_0_15_0_5_i_3/O
                         net (fo=1, unplaced)         0.449     4.567    u_tx_fifo/mem_reg_0_15_0_5_i_3_n_0
                         LUT5 (Prop_lut5_I0_O)        0.124     4.691 r  u_tx_fifo/mem_reg_0_15_0_5_i_2/O
                         net (fo=4, unplaced)         0.473     5.164    u_regs/wbin_next1
                         LUT6 (Prop_lut6_I5_O)        0.124     5.288 r  u_regs/mem_reg_0_15_0_5_i_1/O
                         net (fo=12, unplaced)        0.381     5.669    u_tx_fifo/mem_reg_0_15_6_7/WE
                         RAMD32                                       r  u_tx_fifo/mem_reg_0_15_6_7/DP/WE
  -------------------------------------------------------------------    -------------------

                         (clock pclk rise edge)      10.000    10.000 r  
                                                      0.000    10.000 r  pclk (IN)
                         net (fo=0)                   0.000    10.000    pclk
                         IBUF (Prop_ibuf_I_O)         0.789    10.789 r  pclk_IBUF_inst/O
                         net (fo=1, unplaced)         0.760    11.549    pclk_IBUF
                         BUFG (Prop_bufg_I_O)         0.091    11.640 r  pclk_IBUF_BUFG_inst/O
                         net (fo=164, unplaced)       0.439    12.079    u_tx_fifo/mem_reg_0_15_6_7/WCLK
                         RAMD32                                       r  u_tx_fifo/mem_reg_0_15_6_7/DP/CLK
                         clock pessimism              0.178    12.257    
                         clock uncertainty           -0.035    12.222    
                         RAMD32 (Setup_ramd32_CLK_WE)
                                                     -0.528    11.694    u_tx_fifo/mem_reg_0_15_6_7/DP
  -------------------------------------------------------------------
                         required time                         11.694    
                         arrival time                          -5.669    
  -------------------------------------------------------------------
                         slack                                  6.025    

Slack (MET) :             6.025ns  (required time - arrival time)
  Source:                 u_tx_fifo/rgray_wclk_q2_reg[0]/C
                            (rising edge-triggered cell FDCE clocked by pclk  {rise@0.000ns fall@5.000ns period=10.000ns})
  Destination:            u_tx_fifo/mem_reg_0_15_6_7/SP/WE
                            (rising edge-triggered cell RAMD32 clocked by pclk  {rise@0.000ns fall@5.000ns period=10.000ns})
  Path Group:             pclk
  Path Type:              Setup (Max at Slow Process Corner)
  Requirement:            10.000ns  (pclk rise@10.000ns - pclk rise@0.000ns)
  Data Path Delay:        3.267ns  (logic 0.999ns (30.579%)  route 2.268ns (69.422%))
  Logic Levels:           3  (LUT5=1 LUT6=2)
  Clock Path Skew:        -0.145ns (DCD - SCD + CPR)
    Destination Clock Delay (DCD):    2.079ns = ( 12.079 - 10.000 ) 
    Source Clock Delay      (SCD):    2.402ns
    Clock Pessimism Removal (CPR):    0.178ns
  Clock Uncertainty:      0.035ns  ((TSJ^2 + TIJ^2)^1/2 + DJ) / 2 + PE
    Total System Jitter     (TSJ):    0.071ns
    Total Input Jitter      (TIJ):    0.000ns
    Discrete Jitter          (DJ):    0.000ns
    Phase Error              (PE):    0.000ns

    Location             Delay type                Incr(ns)  Path(ns)    Netlist Resource(s)
  -------------------------------------------------------------------    -------------------
                         (clock pclk rise edge)       0.000     0.000 r  
                                                      0.000     0.000 r  pclk (IN)
                         net (fo=0)                   0.000     0.000    pclk
                         IBUF (Prop_ibuf_I_O)         0.923     0.923 r  pclk_IBUF_inst/O
                         net (fo=1, unplaced)         0.800     1.722    pclk_IBUF
                         BUFG (Prop_bufg_I_O)         0.096     1.818 r  pclk_IBUF_BUFG_inst/O
                         net (fo=164, unplaced)       0.584     2.402    u_tx_fifo/pclk_IBUF_BUFG
                         FDCE                                         r  u_tx_fifo/rgray_wclk_q2_reg[0]/C
  -------------------------------------------------------------------    -------------------
                         FDCE (Prop_fdce_C_Q)         0.456     2.858 r  u_tx_fifo/rgray_wclk_q2_reg[0]/Q
                         net (fo=1, unplaced)         0.965     3.823    u_tx_fifo/rgray_wclk_q2[0]
                         LUT6 (Prop_lut6_I0_O)        0.295     4.118 f  u_tx_fifo/mem_reg_0_15_0_5_i_3/O
                         net (fo=1, unplaced)         0.449     4.567    u_tx_fifo/mem_reg_0_15_0_5_i_3_n_0
                         LUT5 (Prop_lut5_I0_O)        0.124     4.691 r  u_tx_fifo/mem_reg_0_15_0_5_i_2/O
                         net (fo=4, unplaced)         0.473     5.164    u_regs/wbin_next1
                         LUT6 (Prop_lut6_I5_O)        0.124     5.288 r  u_regs/mem_reg_0_15_0_5_i_1/O
                         net (fo=12, unplaced)        0.381     5.669    u_tx_fifo/mem_reg_0_15_6_7/WE
                         RAMD32                                       r  u_tx_fifo/mem_reg_0_15_6_7/SP/WE
  -------------------------------------------------------------------    -------------------

                         (clock pclk rise edge)      10.000    10.000 r  
                                                      0.000    10.000 r  pclk (IN)
                         net (fo=0)                   0.000    10.000    pclk
                         IBUF (Prop_ibuf_I_O)         0.789    10.789 r  pclk_IBUF_inst/O
                         net (fo=1, unplaced)         0.760    11.549    pclk_IBUF
                         BUFG (Prop_bufg_I_O)         0.091    11.640 r  pclk_IBUF_BUFG_inst/O
                         net (fo=164, unplaced)       0.439    12.079    u_tx_fifo/mem_reg_0_15_6_7/WCLK
                         RAMD32                                       r  u_tx_fifo/mem_reg_0_15_6_7/SP/CLK
                         clock pessimism              0.178    12.257    
                         clock uncertainty           -0.035    12.222    
                         RAMD32 (Setup_ramd32_CLK_WE)
                                                     -0.528    11.694    u_tx_fifo/mem_reg_0_15_6_7/SP
  -------------------------------------------------------------------
                         required time                         11.694    
                         arrival time                          -5.669    
  -------------------------------------------------------------------
                         slack                                  6.025    





Pulse Width Checks
--------------------------------------------------------------------------------------
Clock Name:         pclk
Waveform(ns):       { 0.000 5.000 }
Period(ns):         10.000
Sources:            { pclk }

Check Type        Corner  Lib Pin     Reference Pin  Required(ns)  Actual(ns)  Slack(ns)  Location  Pin
Min Period        n/a     BUFG/I      n/a            2.155         10.000      7.845                pclk_IBUF_BUFG_inst/I
Min Period        n/a     FDCE/C      n/a            1.000         10.000      9.000                rx_frame_err_pclk_q1_reg/C
Min Period        n/a     FDCE/C      n/a            1.000         10.000      9.000                rx_frame_err_pclk_q2_reg/C
Min Period        n/a     FDCE/C      n/a            1.000         10.000      9.000                rx_full_pclk_q1_reg/C
Min Period        n/a     FDCE/C      n/a            1.000         10.000      9.000                rx_full_pclk_q2_reg/C
Min Period        n/a     FDCE/C      n/a            1.000         10.000      9.000                u_cfg_cdc/cfg_ack_meta_reg/C
Min Period        n/a     FDCE/C      n/a            1.000         10.000      9.000                u_cfg_cdc/cfg_ack_sync_reg/C
Min Period        n/a     FDCE/C      n/a            1.000         10.000      9.000                u_cfg_cdc/cfg_baud_hold_reg[0]/C
Min Period        n/a     FDCE/C      n/a            1.000         10.000      9.000                u_cfg_cdc/cfg_baud_hold_reg[10]/C
Min Period        n/a     FDCE/C      n/a            1.000         10.000      9.000                u_cfg_cdc/cfg_baud_hold_reg[11]/C
Low Pulse Width   Slow    RAMD32/CLK  n/a            1.250         5.000       3.750                u_tx_fifo/mem_reg_0_15_0_5/RAMA/CLK
Low Pulse Width   Fast    RAMD32/CLK  n/a            1.250         5.000       3.750                u_tx_fifo/mem_reg_0_15_0_5/RAMA/CLK
Low Pulse Width   Slow    RAMD32/CLK  n/a            1.250         5.000       3.750                u_tx_fifo/mem_reg_0_15_0_5/RAMA_D1/CLK
Low Pulse Width   Fast    RAMD32/CLK  n/a            1.250         5.000       3.750                u_tx_fifo/mem_reg_0_15_0_5/RAMA_D1/CLK
Low Pulse Width   Slow    RAMD32/CLK  n/a            1.250         5.000       3.750                u_tx_fifo/mem_reg_0_15_0_5/RAMB/CLK
Low Pulse Width   Fast    RAMD32/CLK  n/a            1.250         5.000       3.750                u_tx_fifo/mem_reg_0_15_0_5/RAMB/CLK
Low Pulse Width   Slow    RAMD32/CLK  n/a            1.250         5.000       3.750                u_tx_fifo/mem_reg_0_15_0_5/RAMB_D1/CLK
Low Pulse Width   Fast    RAMD32/CLK  n/a            1.250         5.000       3.750                u_tx_fifo/mem_reg_0_15_0_5/RAMB_D1/CLK
Low Pulse Width   Slow    RAMD32/CLK  n/a            1.250         5.000       3.750                u_tx_fifo/mem_reg_0_15_0_5/RAMC/CLK
Low Pulse Width   Fast    RAMD32/CLK  n/a            1.250         5.000       3.750                u_tx_fifo/mem_reg_0_15_0_5/RAMC/CLK
High Pulse Width  Slow    RAMD32/CLK  n/a            1.250         5.000       3.750                u_tx_fifo/mem_reg_0_15_0_5/RAMA/CLK
High Pulse Width  Fast    RAMD32/CLK  n/a            1.250         5.000       3.750                u_tx_fifo/mem_reg_0_15_0_5/RAMA/CLK
High Pulse Width  Slow    RAMD32/CLK  n/a            1.250         5.000       3.750                u_tx_fifo/mem_reg_0_15_0_5/RAMA_D1/CLK
High Pulse Width  Fast    RAMD32/CLK  n/a            1.250         5.000       3.750                u_tx_fifo/mem_reg_0_15_0_5/RAMA_D1/CLK
High Pulse Width  Slow    RAMD32/CLK  n/a            1.250         5.000       3.750                u_tx_fifo/mem_reg_0_15_0_5/RAMB/CLK
High Pulse Width  Fast    RAMD32/CLK  n/a            1.250         5.000       3.750                u_tx_fifo/mem_reg_0_15_0_5/RAMB/CLK
High Pulse Width  Slow    RAMD32/CLK  n/a            1.250         5.000       3.750                u_tx_fifo/mem_reg_0_15_0_5/RAMB_D1/CLK
High Pulse Width  Fast    RAMD32/CLK  n/a            1.250         5.000       3.750                u_tx_fifo/mem_reg_0_15_0_5/RAMB_D1/CLK
High Pulse Width  Slow    RAMD32/CLK  n/a            1.250         5.000       3.750                u_tx_fifo/mem_reg_0_15_0_5/RAMC/CLK
High Pulse Width  Fast    RAMD32/CLK  n/a            1.250         5.000       3.750                u_tx_fifo/mem_reg_0_15_0_5/RAMC/CLK



---------------------------------------------------------------------------------------------------
From Clock:  uart_clk
  To Clock:  uart_clk

Setup :            0  Failing Endpoints,  Worst Slack       31.993ns,  Total Violation        0.000ns
Hold  :           NA  Failing Endpoints,  Worst Slack           NA  ,  Total Violation           NA
PW    :            0  Failing Endpoints,  Worst Slack       18.750ns,  Total Violation        0.000ns
---------------------------------------------------------------------------------------------------


Max Delay Paths
--------------------------------------------------------------------------------------
Slack (MET) :             31.993ns  (required time - arrival time)
  Source:                 u_cfg_cdc/baud_uart_cfg_reg[30]/C
                            (rising edge-triggered cell FDCE clocked by uart_clk  {rise@0.000ns fall@20.000ns period=40.000ns})
  Destination:            u_serial_core/u_baud_gen/count_reg[0]/D
                            (rising edge-triggered cell FDCE clocked by uart_clk  {rise@0.000ns fall@20.000ns period=40.000ns})
  Path Group:             uart_clk
  Path Type:              Setup (Max at Slow Process Corner)
  Requirement:            40.000ns  (uart_clk rise@40.000ns - uart_clk rise@0.000ns)
  Data Path Delay:        7.856ns  (logic 3.514ns (44.730%)  route 4.342ns (55.270%))
  Logic Levels:           14  (CARRY4=8 LUT1=1 LUT3=1 LUT4=2 LUT5=2)
  Clock Path Skew:        -0.145ns (DCD - SCD + CPR)
    Destination Clock Delay (DCD):    2.079ns = ( 42.079 - 40.000 ) 
    Source Clock Delay      (SCD):    2.402ns
    Clock Pessimism Removal (CPR):    0.178ns
  Clock Uncertainty:      0.035ns  ((TSJ^2 + TIJ^2)^1/2 + DJ) / 2 + PE
    Total System Jitter     (TSJ):    0.071ns
    Total Input Jitter      (TIJ):    0.000ns
    Discrete Jitter          (DJ):    0.000ns
    Phase Error              (PE):    0.000ns

    Location             Delay type                Incr(ns)  Path(ns)    Netlist Resource(s)
  -------------------------------------------------------------------    -------------------
                         (clock uart_clk rise edge)
                                                      0.000     0.000 r  
                                                      0.000     0.000 r  uart_clk (IN)
                         net (fo=0)                   0.000     0.000    uart_clk
                         IBUF (Prop_ibuf_I_O)         0.923     0.923 r  uart_clk_IBUF_inst/O
                         net (fo=1, unplaced)         0.800     1.722    uart_clk_IBUF
                         BUFG (Prop_bufg_I_O)         0.096     1.818 r  uart_clk_IBUF_BUFG_inst/O
                         net (fo=162, unplaced)       0.584     2.402    u_cfg_cdc/uart_clk_IBUF_BUFG
                         FDCE                                         r  u_cfg_cdc/baud_uart_cfg_reg[30]/C
  -------------------------------------------------------------------    -------------------
                         FDCE (Prop_fdce_C_Q)         0.456     2.858 f  u_cfg_cdc/baud_uart_cfg_reg[30]/Q
                         net (fo=3, unplaced)         0.759     3.617    u_cfg_cdc/Q[29]
                         LUT4 (Prop_lut4_I1_O)        0.295     3.912 f  u_cfg_cdc/count2_carry_i_12/O
                         net (fo=1, unplaced)         0.449     4.361    u_cfg_cdc/count2_carry_i_12_n_0
                         LUT5 (Prop_lut5_I4_O)        0.124     4.485 f  u_cfg_cdc/count2_carry_i_8/O
                         net (fo=1, unplaced)         0.902     5.387    u_cfg_cdc/count2_carry_i_8_n_0
                         LUT5 (Prop_lut5_I2_O)        0.124     5.511 f  u_cfg_cdc/count2_carry_i_6/O
                         net (fo=3, unplaced)         0.467     5.978    u_cfg_cdc/baud_uart_cfg_reg[0]_1
                         LUT1 (Prop_lut1_I0_O)        0.124     6.102 r  u_cfg_cdc/count2_carry_i_1/O
                         net (fo=1, unplaced)         0.333     6.435    u_serial_core/u_baud_gen/count1_carry_i_8_0
                         CARRY4 (Prop_carry4_CYINIT_CO[3])
                                                      0.580     7.015 r  u_serial_core/u_baud_gen/count2_carry/CO[3]
                         net (fo=1, unplaced)         0.009     7.024    u_serial_core/u_baud_gen/count2_carry_n_0
                         CARRY4 (Prop_carry4_CI_CO[3])
                                                      0.114     7.138 r  u_serial_core/u_baud_gen/count2_carry__0/CO[3]
                         net (fo=1, unplaced)         0.000     7.138    u_serial_core/u_baud_gen/count2_carry__0_n_0
                         CARRY4 (Prop_carry4_CI_CO[3])
                                                      0.114     7.252 r  u_serial_core/u_baud_gen/count2_carry__1/CO[3]
                         net (fo=1, unplaced)         0.000     7.252    u_serial_core/u_baud_gen/count2_carry__1_n_0
                         CARRY4 (Prop_carry4_CI_CO[3])
                                                      0.114     7.366 r  u_serial_core/u_baud_gen/count2_carry__2/CO[3]
                         net (fo=1, unplaced)         0.000     7.366    u_serial_core/u_baud_gen/count2_carry__2_n_0
                         CARRY4 (Prop_carry4_CI_CO[3])
                                                      0.114     7.480 r  u_serial_core/u_baud_gen/count2_carry__3/CO[3]
                         net (fo=1, unplaced)         0.000     7.480    u_serial_core/u_baud_gen/count2_carry__3_n_0
                         CARRY4 (Prop_carry4_CI_CO[3])
                                                      0.114     7.594 r  u_serial_core/u_baud_gen/count2_carry__4/CO[3]
                         net (fo=1, unplaced)         0.000     7.594    u_serial_core/u_baud_gen/count2_carry__4_n_0
                         CARRY4 (Prop_carry4_CI_O[2])
                                                      0.256     7.850 f  u_serial_core/u_baud_gen/count2_carry__5/O[2]
                         net (fo=2, unplaced)         0.433     8.283    u_serial_core/u_baud_gen/count2[27]
                         LUT4 (Prop_lut4_I1_O)        0.327     8.610 r  u_serial_core/u_baud_gen/count1_carry__2_i_3/O
                         net (fo=1, unplaced)         0.000     8.610    u_serial_core/u_baud_gen/count1_carry__2_i_3_n_0
                         CARRY4 (Prop_carry4_DI[1]_CO[3])
                                                      0.534     9.144 f  u_serial_core/u_baud_gen/count1_carry__2/CO[3]
                         net (fo=33, unplaced)        0.990    10.134    u_serial_core/u_baud_gen/count1_carry__2_n_0
                         LUT3 (Prop_lut3_I2_O)        0.124    10.258 r  u_serial_core/u_baud_gen/count[0]_i_1/O
                         net (fo=1, unplaced)         0.000    10.258    u_serial_core/u_baud_gen/count[0]_i_1_n_0
                         FDCE                                         r  u_serial_core/u_baud_gen/count_reg[0]/D
  -------------------------------------------------------------------    -------------------

                         (clock uart_clk rise edge)
                                                     40.000    40.000 r  
                                                      0.000    40.000 r  uart_clk (IN)
                         net (fo=0)                   0.000    40.000    uart_clk
                         IBUF (Prop_ibuf_I_O)         0.789    40.789 r  uart_clk_IBUF_inst/O
                         net (fo=1, unplaced)         0.760    41.549    uart_clk_IBUF
                         BUFG (Prop_bufg_I_O)         0.091    41.640 r  uart_clk_IBUF_BUFG_inst/O
                         net (fo=162, unplaced)       0.439    42.079    u_serial_core/u_baud_gen/uart_clk_IBUF_BUFG
                         FDCE                                         r  u_serial_core/u_baud_gen/count_reg[0]/C
                         clock pessimism              0.178    42.257    
                         clock uncertainty           -0.035    42.222    
                         FDCE (Setup_fdce_C_D)        0.029    42.251    u_serial_core/u_baud_gen/count_reg[0]
  -------------------------------------------------------------------
                         required time                         42.251    
                         arrival time                         -10.258    
  -------------------------------------------------------------------
                         slack                                 31.993    

Slack (MET) :             31.993ns  (required time - arrival time)
  Source:                 u_cfg_cdc/baud_uart_cfg_reg[30]/C
                            (rising edge-triggered cell FDCE clocked by uart_clk  {rise@0.000ns fall@20.000ns period=40.000ns})
  Destination:            u_serial_core/u_baud_gen/count_reg[10]/D
                            (rising edge-triggered cell FDCE clocked by uart_clk  {rise@0.000ns fall@20.000ns period=40.000ns})
  Path Group:             uart_clk
  Path Type:              Setup (Max at Slow Process Corner)
  Requirement:            40.000ns  (uart_clk rise@40.000ns - uart_clk rise@0.000ns)
  Data Path Delay:        7.856ns  (logic 3.514ns (44.730%)  route 4.342ns (55.270%))
  Logic Levels:           14  (CARRY4=8 LUT1=1 LUT3=1 LUT4=2 LUT5=2)
  Clock Path Skew:        -0.145ns (DCD - SCD + CPR)
    Destination Clock Delay (DCD):    2.079ns = ( 42.079 - 40.000 ) 
    Source Clock Delay      (SCD):    2.402ns
    Clock Pessimism Removal (CPR):    0.178ns
  Clock Uncertainty:      0.035ns  ((TSJ^2 + TIJ^2)^1/2 + DJ) / 2 + PE
    Total System Jitter     (TSJ):    0.071ns
    Total Input Jitter      (TIJ):    0.000ns
    Discrete Jitter          (DJ):    0.000ns
    Phase Error              (PE):    0.000ns

    Location             Delay type                Incr(ns)  Path(ns)    Netlist Resource(s)
  -------------------------------------------------------------------    -------------------
                         (clock uart_clk rise edge)
                                                      0.000     0.000 r  
                                                      0.000     0.000 r  uart_clk (IN)
                         net (fo=0)                   0.000     0.000    uart_clk
                         IBUF (Prop_ibuf_I_O)         0.923     0.923 r  uart_clk_IBUF_inst/O
                         net (fo=1, unplaced)         0.800     1.722    uart_clk_IBUF
                         BUFG (Prop_bufg_I_O)         0.096     1.818 r  uart_clk_IBUF_BUFG_inst/O
                         net (fo=162, unplaced)       0.584     2.402    u_cfg_cdc/uart_clk_IBUF_BUFG
                         FDCE                                         r  u_cfg_cdc/baud_uart_cfg_reg[30]/C
  -------------------------------------------------------------------    -------------------
                         FDCE (Prop_fdce_C_Q)         0.456     2.858 f  u_cfg_cdc/baud_uart_cfg_reg[30]/Q
                         net (fo=3, unplaced)         0.759     3.617    u_cfg_cdc/Q[29]
                         LUT4 (Prop_lut4_I1_O)        0.295     3.912 f  u_cfg_cdc/count2_carry_i_12/O
                         net (fo=1, unplaced)         0.449     4.361    u_cfg_cdc/count2_carry_i_12_n_0
                         LUT5 (Prop_lut5_I4_O)        0.124     4.485 f  u_cfg_cdc/count2_carry_i_8/O
                         net (fo=1, unplaced)         0.902     5.387    u_cfg_cdc/count2_carry_i_8_n_0
                         LUT5 (Prop_lut5_I2_O)        0.124     5.511 f  u_cfg_cdc/count2_carry_i_6/O
                         net (fo=3, unplaced)         0.467     5.978    u_cfg_cdc/baud_uart_cfg_reg[0]_1
                         LUT1 (Prop_lut1_I0_O)        0.124     6.102 r  u_cfg_cdc/count2_carry_i_1/O
                         net (fo=1, unplaced)         0.333     6.435    u_serial_core/u_baud_gen/count1_carry_i_8_0
                         CARRY4 (Prop_carry4_CYINIT_CO[3])
                                                      0.580     7.015 r  u_serial_core/u_baud_gen/count2_carry/CO[3]
                         net (fo=1, unplaced)         0.009     7.024    u_serial_core/u_baud_gen/count2_carry_n_0
                         CARRY4 (Prop_carry4_CI_CO[3])
                                                      0.114     7.138 r  u_serial_core/u_baud_gen/count2_carry__0/CO[3]
                         net (fo=1, unplaced)         0.000     7.138    u_serial_core/u_baud_gen/count2_carry__0_n_0
                         CARRY4 (Prop_carry4_CI_CO[3])
                                                      0.114     7.252 r  u_serial_core/u_baud_gen/count2_carry__1/CO[3]
                         net (fo=1, unplaced)         0.000     7.252    u_serial_core/u_baud_gen/count2_carry__1_n_0
                         CARRY4 (Prop_carry4_CI_CO[3])
                                                      0.114     7.366 r  u_serial_core/u_baud_gen/count2_carry__2/CO[3]
                         net (fo=1, unplaced)         0.000     7.366    u_serial_core/u_baud_gen/count2_carry__2_n_0
                         CARRY4 (Prop_carry4_CI_CO[3])
                                                      0.114     7.480 r  u_serial_core/u_baud_gen/count2_carry__3/CO[3]
                         net (fo=1, unplaced)         0.000     7.480    u_serial_core/u_baud_gen/count2_carry__3_n_0
                         CARRY4 (Prop_carry4_CI_CO[3])
                                                      0.114     7.594 r  u_serial_core/u_baud_gen/count2_carry__4/CO[3]
                         net (fo=1, unplaced)         0.000     7.594    u_serial_core/u_baud_gen/count2_carry__4_n_0
                         CARRY4 (Prop_carry4_CI_O[2])
                                                      0.256     7.850 f  u_serial_core/u_baud_gen/count2_carry__5/O[2]
                         net (fo=2, unplaced)         0.433     8.283    u_serial_core/u_baud_gen/count2[27]
                         LUT4 (Prop_lut4_I1_O)        0.327     8.610 r  u_serial_core/u_baud_gen/count1_carry__2_i_3/O
                         net (fo=1, unplaced)         0.000     8.610    u_serial_core/u_baud_gen/count1_carry__2_i_3_n_0
                         CARRY4 (Prop_carry4_DI[1]_CO[3])
                                                      0.534     9.144 f  u_serial_core/u_baud_gen/count1_carry__2/CO[3]
                         net (fo=33, unplaced)        0.990    10.134    u_serial_core/u_baud_gen/count1_carry__2_n_0
                         LUT3 (Prop_lut3_I2_O)        0.124    10.258 r  u_serial_core/u_baud_gen/count[10]_i_1/O
                         net (fo=1, unplaced)         0.000    10.258    u_serial_core/u_baud_gen/count[10]_i_1_n_0
                         FDCE                                         r  u_serial_core/u_baud_gen/count_reg[10]/D
  -------------------------------------------------------------------    -------------------

                         (clock uart_clk rise edge)
                                                     40.000    40.000 r  
                                                      0.000    40.000 r  uart_clk (IN)
                         net (fo=0)                   0.000    40.000    uart_clk
                         IBUF (Prop_ibuf_I_O)         0.789    40.789 r  uart_clk_IBUF_inst/O
                         net (fo=1, unplaced)         0.760    41.549    uart_clk_IBUF
                         BUFG (Prop_bufg_I_O)         0.091    41.640 r  uart_clk_IBUF_BUFG_inst/O
                         net (fo=162, unplaced)       0.439    42.079    u_serial_core/u_baud_gen/uart_clk_IBUF_BUFG
                         FDCE                                         r  u_serial_core/u_baud_gen/count_reg[10]/C
                         clock pessimism              0.178    42.257    
                         clock uncertainty           -0.035    42.222    
                         FDCE (Setup_fdce_C_D)        0.029    42.251    u_serial_core/u_baud_gen/count_reg[10]
  -------------------------------------------------------------------
                         required time                         42.251    
                         arrival time                         -10.258    
  -------------------------------------------------------------------
                         slack                                 31.993    

Slack (MET) :             31.993ns  (required time - arrival time)
  Source:                 u_cfg_cdc/baud_uart_cfg_reg[30]/C
                            (rising edge-triggered cell FDCE clocked by uart_clk  {rise@0.000ns fall@20.000ns period=40.000ns})
  Destination:            u_serial_core/u_baud_gen/count_reg[11]/D
                            (rising edge-triggered cell FDCE clocked by uart_clk  {rise@0.000ns fall@20.000ns period=40.000ns})
  Path Group:             uart_clk
  Path Type:              Setup (Max at Slow Process Corner)
  Requirement:            40.000ns  (uart_clk rise@40.000ns - uart_clk rise@0.000ns)
  Data Path Delay:        7.856ns  (logic 3.514ns (44.730%)  route 4.342ns (55.270%))
  Logic Levels:           14  (CARRY4=8 LUT1=1 LUT3=1 LUT4=2 LUT5=2)
  Clock Path Skew:        -0.145ns (DCD - SCD + CPR)
    Destination Clock Delay (DCD):    2.079ns = ( 42.079 - 40.000 ) 
    Source Clock Delay      (SCD):    2.402ns
    Clock Pessimism Removal (CPR):    0.178ns
  Clock Uncertainty:      0.035ns  ((TSJ^2 + TIJ^2)^1/2 + DJ) / 2 + PE
    Total System Jitter     (TSJ):    0.071ns
    Total Input Jitter      (TIJ):    0.000ns
    Discrete Jitter          (DJ):    0.000ns
    Phase Error              (PE):    0.000ns

    Location             Delay type                Incr(ns)  Path(ns)    Netlist Resource(s)
  -------------------------------------------------------------------    -------------------
                         (clock uart_clk rise edge)
                                                      0.000     0.000 r  
                                                      0.000     0.000 r  uart_clk (IN)
                         net (fo=0)                   0.000     0.000    uart_clk
                         IBUF (Prop_ibuf_I_O)         0.923     0.923 r  uart_clk_IBUF_inst/O
                         net (fo=1, unplaced)         0.800     1.722    uart_clk_IBUF
                         BUFG (Prop_bufg_I_O)         0.096     1.818 r  uart_clk_IBUF_BUFG_inst/O
                         net (fo=162, unplaced)       0.584     2.402    u_cfg_cdc/uart_clk_IBUF_BUFG
                         FDCE                                         r  u_cfg_cdc/baud_uart_cfg_reg[30]/C
  -------------------------------------------------------------------    -------------------
                         FDCE (Prop_fdce_C_Q)         0.456     2.858 f  u_cfg_cdc/baud_uart_cfg_reg[30]/Q
                         net (fo=3, unplaced)         0.759     3.617    u_cfg_cdc/Q[29]
                         LUT4 (Prop_lut4_I1_O)        0.295     3.912 f  u_cfg_cdc/count2_carry_i_12/O
                         net (fo=1, unplaced)         0.449     4.361    u_cfg_cdc/count2_carry_i_12_n_0
                         LUT5 (Prop_lut5_I4_O)        0.124     4.485 f  u_cfg_cdc/count2_carry_i_8/O
                         net (fo=1, unplaced)         0.902     5.387    u_cfg_cdc/count2_carry_i_8_n_0
                         LUT5 (Prop_lut5_I2_O)        0.124     5.511 f  u_cfg_cdc/count2_carry_i_6/O
                         net (fo=3, unplaced)         0.467     5.978    u_cfg_cdc/baud_uart_cfg_reg[0]_1
                         LUT1 (Prop_lut1_I0_O)        0.124     6.102 r  u_cfg_cdc/count2_carry_i_1/O
                         net (fo=1, unplaced)         0.333     6.435    u_serial_core/u_baud_gen/count1_carry_i_8_0
                         CARRY4 (Prop_carry4_CYINIT_CO[3])
                                                      0.580     7.015 r  u_serial_core/u_baud_gen/count2_carry/CO[3]
                         net (fo=1, unplaced)         0.009     7.024    u_serial_core/u_baud_gen/count2_carry_n_0
                         CARRY4 (Prop_carry4_CI_CO[3])
                                                      0.114     7.138 r  u_serial_core/u_baud_gen/count2_carry__0/CO[3]
                         net (fo=1, unplaced)         0.000     7.138    u_serial_core/u_baud_gen/count2_carry__0_n_0
                         CARRY4 (Prop_carry4_CI_CO[3])
                                                      0.114     7.252 r  u_serial_core/u_baud_gen/count2_carry__1/CO[3]
                         net (fo=1, unplaced)         0.000     7.252    u_serial_core/u_baud_gen/count2_carry__1_n_0
                         CARRY4 (Prop_carry4_CI_CO[3])
                                                      0.114     7.366 r  u_serial_core/u_baud_gen/count2_carry__2/CO[3]
                         net (fo=1, unplaced)         0.000     7.366    u_serial_core/u_baud_gen/count2_carry__2_n_0
                         CARRY4 (Prop_carry4_CI_CO[3])
                                                      0.114     7.480 r  u_serial_core/u_baud_gen/count2_carry__3/CO[3]
                         net (fo=1, unplaced)         0.000     7.480    u_serial_core/u_baud_gen/count2_carry__3_n_0
                         CARRY4 (Prop_carry4_CI_CO[3])
                                                      0.114     7.594 r  u_serial_core/u_baud_gen/count2_carry__4/CO[3]
                         net (fo=1, unplaced)         0.000     7.594    u_serial_core/u_baud_gen/count2_carry__4_n_0
                         CARRY4 (Prop_carry4_CI_O[2])
                                                      0.256     7.850 f  u_serial_core/u_baud_gen/count2_carry__5/O[2]
                         net (fo=2, unplaced)         0.433     8.283    u_serial_core/u_baud_gen/count2[27]
                         LUT4 (Prop_lut4_I1_O)        0.327     8.610 r  u_serial_core/u_baud_gen/count1_carry__2_i_3/O
                         net (fo=1, unplaced)         0.000     8.610    u_serial_core/u_baud_gen/count1_carry__2_i_3_n_0
                         CARRY4 (Prop_carry4_DI[1]_CO[3])
                                                      0.534     9.144 f  u_serial_core/u_baud_gen/count1_carry__2/CO[3]
                         net (fo=33, unplaced)        0.990    10.134    u_serial_core/u_baud_gen/count1_carry__2_n_0
                         LUT3 (Prop_lut3_I2_O)        0.124    10.258 r  u_serial_core/u_baud_gen/count[11]_i_1/O
                         net (fo=1, unplaced)         0.000    10.258    u_serial_core/u_baud_gen/count[11]_i_1_n_0
                         FDCE                                         r  u_serial_core/u_baud_gen/count_reg[11]/D
  -------------------------------------------------------------------    -------------------

                         (clock uart_clk rise edge)
                                                     40.000    40.000 r  
                                                      0.000    40.000 r  uart_clk (IN)
                         net (fo=0)                   0.000    40.000    uart_clk
                         IBUF (Prop_ibuf_I_O)         0.789    40.789 r  uart_clk_IBUF_inst/O
                         net (fo=1, unplaced)         0.760    41.549    uart_clk_IBUF
                         BUFG (Prop_bufg_I_O)         0.091    41.640 r  uart_clk_IBUF_BUFG_inst/O
                         net (fo=162, unplaced)       0.439    42.079    u_serial_core/u_baud_gen/uart_clk_IBUF_BUFG
                         FDCE                                         r  u_serial_core/u_baud_gen/count_reg[11]/C
                         clock pessimism              0.178    42.257    
                         clock uncertainty           -0.035    42.222    
                         FDCE (Setup_fdce_C_D)        0.029    42.251    u_serial_core/u_baud_gen/count_reg[11]
  -------------------------------------------------------------------
                         required time                         42.251    
                         arrival time                         -10.258    
  -------------------------------------------------------------------
                         slack                                 31.993    

Slack (MET) :             31.993ns  (required time - arrival time)
  Source:                 u_cfg_cdc/baud_uart_cfg_reg[30]/C
                            (rising edge-triggered cell FDCE clocked by uart_clk  {rise@0.000ns fall@20.000ns period=40.000ns})
  Destination:            u_serial_core/u_baud_gen/count_reg[13]/D
                            (rising edge-triggered cell FDCE clocked by uart_clk  {rise@0.000ns fall@20.000ns period=40.000ns})
  Path Group:             uart_clk
  Path Type:              Setup (Max at Slow Process Corner)
  Requirement:            40.000ns  (uart_clk rise@40.000ns - uart_clk rise@0.000ns)
  Data Path Delay:        7.856ns  (logic 3.514ns (44.730%)  route 4.342ns (55.270%))
  Logic Levels:           14  (CARRY4=8 LUT1=1 LUT3=1 LUT4=2 LUT5=2)
  Clock Path Skew:        -0.145ns (DCD - SCD + CPR)
    Destination Clock Delay (DCD):    2.079ns = ( 42.079 - 40.000 ) 
    Source Clock Delay      (SCD):    2.402ns
    Clock Pessimism Removal (CPR):    0.178ns
  Clock Uncertainty:      0.035ns  ((TSJ^2 + TIJ^2)^1/2 + DJ) / 2 + PE
    Total System Jitter     (TSJ):    0.071ns
    Total Input Jitter      (TIJ):    0.000ns
    Discrete Jitter          (DJ):    0.000ns
    Phase Error              (PE):    0.000ns

    Location             Delay type                Incr(ns)  Path(ns)    Netlist Resource(s)
  -------------------------------------------------------------------    -------------------
                         (clock uart_clk rise edge)
                                                      0.000     0.000 r  
                                                      0.000     0.000 r  uart_clk (IN)
                         net (fo=0)                   0.000     0.000    uart_clk
                         IBUF (Prop_ibuf_I_O)         0.923     0.923 r  uart_clk_IBUF_inst/O
                         net (fo=1, unplaced)         0.800     1.722    uart_clk_IBUF
                         BUFG (Prop_bufg_I_O)         0.096     1.818 r  uart_clk_IBUF_BUFG_inst/O
                         net (fo=162, unplaced)       0.584     2.402    u_cfg_cdc/uart_clk_IBUF_BUFG
                         FDCE                                         r  u_cfg_cdc/baud_uart_cfg_reg[30]/C
  -------------------------------------------------------------------    -------------------
                         FDCE (Prop_fdce_C_Q)         0.456     2.858 f  u_cfg_cdc/baud_uart_cfg_reg[30]/Q
                         net (fo=3, unplaced)         0.759     3.617    u_cfg_cdc/Q[29]
                         LUT4 (Prop_lut4_I1_O)        0.295     3.912 f  u_cfg_cdc/count2_carry_i_12/O
                         net (fo=1, unplaced)         0.449     4.361    u_cfg_cdc/count2_carry_i_12_n_0
                         LUT5 (Prop_lut5_I4_O)        0.124     4.485 f  u_cfg_cdc/count2_carry_i_8/O
                         net (fo=1, unplaced)         0.902     5.387    u_cfg_cdc/count2_carry_i_8_n_0
                         LUT5 (Prop_lut5_I2_O)        0.124     5.511 f  u_cfg_cdc/count2_carry_i_6/O
                         net (fo=3, unplaced)         0.467     5.978    u_cfg_cdc/baud_uart_cfg_reg[0]_1
                         LUT1 (Prop_lut1_I0_O)        0.124     6.102 r  u_cfg_cdc/count2_carry_i_1/O
                         net (fo=1, unplaced)         0.333     6.435    u_serial_core/u_baud_gen/count1_carry_i_8_0
                         CARRY4 (Prop_carry4_CYINIT_CO[3])
                                                      0.580     7.015 r  u_serial_core/u_baud_gen/count2_carry/CO[3]
                         net (fo=1, unplaced)         0.009     7.024    u_serial_core/u_baud_gen/count2_carry_n_0
                         CARRY4 (Prop_carry4_CI_CO[3])
                                                      0.114     7.138 r  u_serial_core/u_baud_gen/count2_carry__0/CO[3]
                         net (fo=1, unplaced)         0.000     7.138    u_serial_core/u_baud_gen/count2_carry__0_n_0
                         CARRY4 (Prop_carry4_CI_CO[3])
                                                      0.114     7.252 r  u_serial_core/u_baud_gen/count2_carry__1/CO[3]
                         net (fo=1, unplaced)         0.000     7.252    u_serial_core/u_baud_gen/count2_carry__1_n_0
                         CARRY4 (Prop_carry4_CI_CO[3])
                                                      0.114     7.366 r  u_serial_core/u_baud_gen/count2_carry__2/CO[3]
                         net (fo=1, unplaced)         0.000     7.366    u_serial_core/u_baud_gen/count2_carry__2_n_0
                         CARRY4 (Prop_carry4_CI_CO[3])
                                                      0.114     7.480 r  u_serial_core/u_baud_gen/count2_carry__3/CO[3]
                         net (fo=1, unplaced)         0.000     7.480    u_serial_core/u_baud_gen/count2_carry__3_n_0
                         CARRY4 (Prop_carry4_CI_CO[3])
                                                      0.114     7.594 r  u_serial_core/u_baud_gen/count2_carry__4/CO[3]
                         net (fo=1, unplaced)         0.000     7.594    u_serial_core/u_baud_gen/count2_carry__4_n_0
                         CARRY4 (Prop_carry4_CI_O[2])
                                                      0.256     7.850 f  u_serial_core/u_baud_gen/count2_carry__5/O[2]
                         net (fo=2, unplaced)         0.433     8.283    u_serial_core/u_baud_gen/count2[27]
                         LUT4 (Prop_lut4_I1_O)        0.327     8.610 r  u_serial_core/u_baud_gen/count1_carry__2_i_3/O
                         net (fo=1, unplaced)         0.000     8.610    u_serial_core/u_baud_gen/count1_carry__2_i_3_n_0
                         CARRY4 (Prop_carry4_DI[1]_CO[3])
                                                      0.534     9.144 f  u_serial_core/u_baud_gen/count1_carry__2/CO[3]
                         net (fo=33, unplaced)        0.990    10.134    u_serial_core/u_baud_gen/count1_carry__2_n_0
                         LUT3 (Prop_lut3_I2_O)        0.124    10.258 r  u_serial_core/u_baud_gen/count[13]_i_1/O
                         net (fo=1, unplaced)         0.000    10.258    u_serial_core/u_baud_gen/count[13]_i_1_n_0
                         FDCE                                         r  u_serial_core/u_baud_gen/count_reg[13]/D
  -------------------------------------------------------------------    -------------------

                         (clock uart_clk rise edge)
                                                     40.000    40.000 r  
                                                      0.000    40.000 r  uart_clk (IN)
                         net (fo=0)                   0.000    40.000    uart_clk
                         IBUF (Prop_ibuf_I_O)         0.789    40.789 r  uart_clk_IBUF_inst/O
                         net (fo=1, unplaced)         0.760    41.549    uart_clk_IBUF
                         BUFG (Prop_bufg_I_O)         0.091    41.640 r  uart_clk_IBUF_BUFG_inst/O
                         net (fo=162, unplaced)       0.439    42.079    u_serial_core/u_baud_gen/uart_clk_IBUF_BUFG
                         FDCE                                         r  u_serial_core/u_baud_gen/count_reg[13]/C
                         clock pessimism              0.178    42.257    
                         clock uncertainty           -0.035    42.222    
                         FDCE (Setup_fdce_C_D)        0.029    42.251    u_serial_core/u_baud_gen/count_reg[13]
  -------------------------------------------------------------------
                         required time                         42.251    
                         arrival time                         -10.258    
  -------------------------------------------------------------------
                         slack                                 31.993    

Slack (MET) :             31.993ns  (required time - arrival time)
  Source:                 u_cfg_cdc/baud_uart_cfg_reg[30]/C
                            (rising edge-triggered cell FDCE clocked by uart_clk  {rise@0.000ns fall@20.000ns period=40.000ns})
  Destination:            u_serial_core/u_baud_gen/count_reg[15]/D
                            (rising edge-triggered cell FDCE clocked by uart_clk  {rise@0.000ns fall@20.000ns period=40.000ns})
  Path Group:             uart_clk
  Path Type:              Setup (Max at Slow Process Corner)
  Requirement:            40.000ns  (uart_clk rise@40.000ns - uart_clk rise@0.000ns)
  Data Path Delay:        7.856ns  (logic 3.514ns (44.730%)  route 4.342ns (55.270%))
  Logic Levels:           14  (CARRY4=8 LUT1=1 LUT3=1 LUT4=2 LUT5=2)
  Clock Path Skew:        -0.145ns (DCD - SCD + CPR)
    Destination Clock Delay (DCD):    2.079ns = ( 42.079 - 40.000 ) 
    Source Clock Delay      (SCD):    2.402ns
    Clock Pessimism Removal (CPR):    0.178ns
  Clock Uncertainty:      0.035ns  ((TSJ^2 + TIJ^2)^1/2 + DJ) / 2 + PE
    Total System Jitter     (TSJ):    0.071ns
    Total Input Jitter      (TIJ):    0.000ns
    Discrete Jitter          (DJ):    0.000ns
    Phase Error              (PE):    0.000ns

    Location             Delay type                Incr(ns)  Path(ns)    Netlist Resource(s)
  -------------------------------------------------------------------    -------------------
                         (clock uart_clk rise edge)
                                                      0.000     0.000 r  
                                                      0.000     0.000 r  uart_clk (IN)
                         net (fo=0)                   0.000     0.000    uart_clk
                         IBUF (Prop_ibuf_I_O)         0.923     0.923 r  uart_clk_IBUF_inst/O
                         net (fo=1, unplaced)         0.800     1.722    uart_clk_IBUF
                         BUFG (Prop_bufg_I_O)         0.096     1.818 r  uart_clk_IBUF_BUFG_inst/O
                         net (fo=162, unplaced)       0.584     2.402    u_cfg_cdc/uart_clk_IBUF_BUFG
                         FDCE                                         r  u_cfg_cdc/baud_uart_cfg_reg[30]/C
  -------------------------------------------------------------------    -------------------
                         FDCE (Prop_fdce_C_Q)         0.456     2.858 f  u_cfg_cdc/baud_uart_cfg_reg[30]/Q
                         net (fo=3, unplaced)         0.759     3.617    u_cfg_cdc/Q[29]
                         LUT4 (Prop_lut4_I1_O)        0.295     3.912 f  u_cfg_cdc/count2_carry_i_12/O
                         net (fo=1, unplaced)         0.449     4.361    u_cfg_cdc/count2_carry_i_12_n_0
                         LUT5 (Prop_lut5_I4_O)        0.124     4.485 f  u_cfg_cdc/count2_carry_i_8/O
                         net (fo=1, unplaced)         0.902     5.387    u_cfg_cdc/count2_carry_i_8_n_0
                         LUT5 (Prop_lut5_I2_O)        0.124     5.511 f  u_cfg_cdc/count2_carry_i_6/O
                         net (fo=3, unplaced)         0.467     5.978    u_cfg_cdc/baud_uart_cfg_reg[0]_1
                         LUT1 (Prop_lut1_I0_O)        0.124     6.102 r  u_cfg_cdc/count2_carry_i_1/O
                         net (fo=1, unplaced)         0.333     6.435    u_serial_core/u_baud_gen/count1_carry_i_8_0
                         CARRY4 (Prop_carry4_CYINIT_CO[3])
                                                      0.580     7.015 r  u_serial_core/u_baud_gen/count2_carry/CO[3]
                         net (fo=1, unplaced)         0.009     7.024    u_serial_core/u_baud_gen/count2_carry_n_0
                         CARRY4 (Prop_carry4_CI_CO[3])
                                                      0.114     7.138 r  u_serial_core/u_baud_gen/count2_carry__0/CO[3]
                         net (fo=1, unplaced)         0.000     7.138    u_serial_core/u_baud_gen/count2_carry__0_n_0
                         CARRY4 (Prop_carry4_CI_CO[3])
                                                      0.114     7.252 r  u_serial_core/u_baud_gen/count2_carry__1/CO[3]
                         net (fo=1, unplaced)         0.000     7.252    u_serial_core/u_baud_gen/count2_carry__1_n_0
                         CARRY4 (Prop_carry4_CI_CO[3])
                                                      0.114     7.366 r  u_serial_core/u_baud_gen/count2_carry__2/CO[3]
                         net (fo=1, unplaced)         0.000     7.366    u_serial_core/u_baud_gen/count2_carry__2_n_0
                         CARRY4 (Prop_carry4_CI_CO[3])
                                                      0.114     7.480 r  u_serial_core/u_baud_gen/count2_carry__3/CO[3]
                         net (fo=1, unplaced)         0.000     7.480    u_serial_core/u_baud_gen/count2_carry__3_n_0
                         CARRY4 (Prop_carry4_CI_CO[3])
                                                      0.114     7.594 r  u_serial_core/u_baud_gen/count2_carry__4/CO[3]
                         net (fo=1, unplaced)         0.000     7.594    u_serial_core/u_baud_gen/count2_carry__4_n_0
                         CARRY4 (Prop_carry4_CI_O[2])
                                                      0.256     7.850 f  u_serial_core/u_baud_gen/count2_carry__5/O[2]
                         net (fo=2, unplaced)         0.433     8.283    u_serial_core/u_baud_gen/count2[27]
                         LUT4 (Prop_lut4_I1_O)        0.327     8.610 r  u_serial_core/u_baud_gen/count1_carry__2_i_3/O
                         net (fo=1, unplaced)         0.000     8.610    u_serial_core/u_baud_gen/count1_carry__2_i_3_n_0
                         CARRY4 (Prop_carry4_DI[1]_CO[3])
                                                      0.534     9.144 f  u_serial_core/u_baud_gen/count1_carry__2/CO[3]
                         net (fo=33, unplaced)        0.990    10.134    u_serial_core/u_baud_gen/count1_carry__2_n_0
                         LUT3 (Prop_lut3_I2_O)        0.124    10.258 r  u_serial_core/u_baud_gen/count[15]_i_1/O
                         net (fo=1, unplaced)         0.000    10.258    u_serial_core/u_baud_gen/count[15]_i_1_n_0
                         FDCE                                         r  u_serial_core/u_baud_gen/count_reg[15]/D
  -------------------------------------------------------------------    -------------------

                         (clock uart_clk rise edge)
                                                     40.000    40.000 r  
                                                      0.000    40.000 r  uart_clk (IN)
                         net (fo=0)                   0.000    40.000    uart_clk
                         IBUF (Prop_ibuf_I_O)         0.789    40.789 r  uart_clk_IBUF_inst/O
                         net (fo=1, unplaced)         0.760    41.549    uart_clk_IBUF
                         BUFG (Prop_bufg_I_O)         0.091    41.640 r  uart_clk_IBUF_BUFG_inst/O
                         net (fo=162, unplaced)       0.439    42.079    u_serial_core/u_baud_gen/uart_clk_IBUF_BUFG
                         FDCE                                         r  u_serial_core/u_baud_gen/count_reg[15]/C
                         clock pessimism              0.178    42.257    
                         clock uncertainty           -0.035    42.222    
                         FDCE (Setup_fdce_C_D)        0.029    42.251    u_serial_core/u_baud_gen/count_reg[15]
  -------------------------------------------------------------------
                         required time                         42.251    
                         arrival time                         -10.258    
  -------------------------------------------------------------------
                         slack                                 31.993    

Slack (MET) :             31.993ns  (required time - arrival time)
  Source:                 u_cfg_cdc/baud_uart_cfg_reg[30]/C
                            (rising edge-triggered cell FDCE clocked by uart_clk  {rise@0.000ns fall@20.000ns period=40.000ns})
  Destination:            u_serial_core/u_baud_gen/count_reg[17]/D
                            (rising edge-triggered cell FDCE clocked by uart_clk  {rise@0.000ns fall@20.000ns period=40.000ns})
  Path Group:             uart_clk
  Path Type:              Setup (Max at Slow Process Corner)
  Requirement:            40.000ns  (uart_clk rise@40.000ns - uart_clk rise@0.000ns)
  Data Path Delay:        7.856ns  (logic 3.514ns (44.730%)  route 4.342ns (55.270%))
  Logic Levels:           14  (CARRY4=8 LUT1=1 LUT3=1 LUT4=2 LUT5=2)
  Clock Path Skew:        -0.145ns (DCD - SCD + CPR)
    Destination Clock Delay (DCD):    2.079ns = ( 42.079 - 40.000 ) 
    Source Clock Delay      (SCD):    2.402ns
    Clock Pessimism Removal (CPR):    0.178ns
  Clock Uncertainty:      0.035ns  ((TSJ^2 + TIJ^2)^1/2 + DJ) / 2 + PE
    Total System Jitter     (TSJ):    0.071ns
    Total Input Jitter      (TIJ):    0.000ns
    Discrete Jitter          (DJ):    0.000ns
    Phase Error              (PE):    0.000ns

    Location             Delay type                Incr(ns)  Path(ns)    Netlist Resource(s)
  -------------------------------------------------------------------    -------------------
                         (clock uart_clk rise edge)
                                                      0.000     0.000 r  
                                                      0.000     0.000 r  uart_clk (IN)
                         net (fo=0)                   0.000     0.000    uart_clk
                         IBUF (Prop_ibuf_I_O)         0.923     0.923 r  uart_clk_IBUF_inst/O
                         net (fo=1, unplaced)         0.800     1.722    uart_clk_IBUF
                         BUFG (Prop_bufg_I_O)         0.096     1.818 r  uart_clk_IBUF_BUFG_inst/O
                         net (fo=162, unplaced)       0.584     2.402    u_cfg_cdc/uart_clk_IBUF_BUFG
                         FDCE                                         r  u_cfg_cdc/baud_uart_cfg_reg[30]/C
  -------------------------------------------------------------------    -------------------
                         FDCE (Prop_fdce_C_Q)         0.456     2.858 f  u_cfg_cdc/baud_uart_cfg_reg[30]/Q
                         net (fo=3, unplaced)         0.759     3.617    u_cfg_cdc/Q[29]
                         LUT4 (Prop_lut4_I1_O)        0.295     3.912 f  u_cfg_cdc/count2_carry_i_12/O
                         net (fo=1, unplaced)         0.449     4.361    u_cfg_cdc/count2_carry_i_12_n_0
                         LUT5 (Prop_lut5_I4_O)        0.124     4.485 f  u_cfg_cdc/count2_carry_i_8/O
                         net (fo=1, unplaced)         0.902     5.387    u_cfg_cdc/count2_carry_i_8_n_0
                         LUT5 (Prop_lut5_I2_O)        0.124     5.511 f  u_cfg_cdc/count2_carry_i_6/O
                         net (fo=3, unplaced)         0.467     5.978    u_cfg_cdc/baud_uart_cfg_reg[0]_1
                         LUT1 (Prop_lut1_I0_O)        0.124     6.102 r  u_cfg_cdc/count2_carry_i_1/O
                         net (fo=1, unplaced)         0.333     6.435    u_serial_core/u_baud_gen/count1_carry_i_8_0
                         CARRY4 (Prop_carry4_CYINIT_CO[3])
                                                      0.580     7.015 r  u_serial_core/u_baud_gen/count2_carry/CO[3]
                         net (fo=1, unplaced)         0.009     7.024    u_serial_core/u_baud_gen/count2_carry_n_0
                         CARRY4 (Prop_carry4_CI_CO[3])
                                                      0.114     7.138 r  u_serial_core/u_baud_gen/count2_carry__0/CO[3]
                         net (fo=1, unplaced)         0.000     7.138    u_serial_core/u_baud_gen/count2_carry__0_n_0
                         CARRY4 (Prop_carry4_CI_CO[3])
                                                      0.114     7.252 r  u_serial_core/u_baud_gen/count2_carry__1/CO[3]
                         net (fo=1, unplaced)         0.000     7.252    u_serial_core/u_baud_gen/count2_carry__1_n_0
                         CARRY4 (Prop_carry4_CI_CO[3])
                                                      0.114     7.366 r  u_serial_core/u_baud_gen/count2_carry__2/CO[3]
                         net (fo=1, unplaced)         0.000     7.366    u_serial_core/u_baud_gen/count2_carry__2_n_0
                         CARRY4 (Prop_carry4_CI_CO[3])
                                                      0.114     7.480 r  u_serial_core/u_baud_gen/count2_carry__3/CO[3]
                         net (fo=1, unplaced)         0.000     7.480    u_serial_core/u_baud_gen/count2_carry__3_n_0
                         CARRY4 (Prop_carry4_CI_CO[3])
                                                      0.114     7.594 r  u_serial_core/u_baud_gen/count2_carry__4/CO[3]
                         net (fo=1, unplaced)         0.000     7.594    u_serial_core/u_baud_gen/count2_carry__4_n_0
                         CARRY4 (Prop_carry4_CI_O[2])
                                                      0.256     7.850 f  u_serial_core/u_baud_gen/count2_carry__5/O[2]
                         net (fo=2, unplaced)         0.433     8.283    u_serial_core/u_baud_gen/count2[27]
                         LUT4 (Prop_lut4_I1_O)        0.327     8.610 r  u_serial_core/u_baud_gen/count1_carry__2_i_3/O
                         net (fo=1, unplaced)         0.000     8.610    u_serial_core/u_baud_gen/count1_carry__2_i_3_n_0
                         CARRY4 (Prop_carry4_DI[1]_CO[3])
                                                      0.534     9.144 f  u_serial_core/u_baud_gen/count1_carry__2/CO[3]
                         net (fo=33, unplaced)        0.990    10.134    u_serial_core/u_baud_gen/count1_carry__2_n_0
                         LUT3 (Prop_lut3_I2_O)        0.124    10.258 r  u_serial_core/u_baud_gen/count[17]_i_1/O
                         net (fo=1, unplaced)         0.000    10.258    u_serial_core/u_baud_gen/count[17]_i_1_n_0
                         FDCE                                         r  u_serial_core/u_baud_gen/count_reg[17]/D
  -------------------------------------------------------------------    -------------------

                         (clock uart_clk rise edge)
                                                     40.000    40.000 r  
                                                      0.000    40.000 r  uart_clk (IN)
                         net (fo=0)                   0.000    40.000    uart_clk
                         IBUF (Prop_ibuf_I_O)         0.789    40.789 r  uart_clk_IBUF_inst/O
                         net (fo=1, unplaced)         0.760    41.549    uart_clk_IBUF
                         BUFG (Prop_bufg_I_O)         0.091    41.640 r  uart_clk_IBUF_BUFG_inst/O
                         net (fo=162, unplaced)       0.439    42.079    u_serial_core/u_baud_gen/uart_clk_IBUF_BUFG
                         FDCE                                         r  u_serial_core/u_baud_gen/count_reg[17]/C
                         clock pessimism              0.178    42.257    
                         clock uncertainty           -0.035    42.222    
                         FDCE (Setup_fdce_C_D)        0.029    42.251    u_serial_core/u_baud_gen/count_reg[17]
  -------------------------------------------------------------------
                         required time                         42.251    
                         arrival time                         -10.258    
  -------------------------------------------------------------------
                         slack                                 31.993    

Slack (MET) :             31.993ns  (required time - arrival time)
  Source:                 u_cfg_cdc/baud_uart_cfg_reg[30]/C
                            (rising edge-triggered cell FDCE clocked by uart_clk  {rise@0.000ns fall@20.000ns period=40.000ns})
  Destination:            u_serial_core/u_baud_gen/count_reg[19]/D
                            (rising edge-triggered cell FDCE clocked by uart_clk  {rise@0.000ns fall@20.000ns period=40.000ns})
  Path Group:             uart_clk
  Path Type:              Setup (Max at Slow Process Corner)
  Requirement:            40.000ns  (uart_clk rise@40.000ns - uart_clk rise@0.000ns)
  Data Path Delay:        7.856ns  (logic 3.514ns (44.730%)  route 4.342ns (55.270%))
  Logic Levels:           14  (CARRY4=8 LUT1=1 LUT3=1 LUT4=2 LUT5=2)
  Clock Path Skew:        -0.145ns (DCD - SCD + CPR)
    Destination Clock Delay (DCD):    2.079ns = ( 42.079 - 40.000 ) 
    Source Clock Delay      (SCD):    2.402ns
    Clock Pessimism Removal (CPR):    0.178ns
  Clock Uncertainty:      0.035ns  ((TSJ^2 + TIJ^2)^1/2 + DJ) / 2 + PE
    Total System Jitter     (TSJ):    0.071ns
    Total Input Jitter      (TIJ):    0.000ns
    Discrete Jitter          (DJ):    0.000ns
    Phase Error              (PE):    0.000ns

    Location             Delay type                Incr(ns)  Path(ns)    Netlist Resource(s)
  -------------------------------------------------------------------    -------------------
                         (clock uart_clk rise edge)
                                                      0.000     0.000 r  
                                                      0.000     0.000 r  uart_clk (IN)
                         net (fo=0)                   0.000     0.000    uart_clk
                         IBUF (Prop_ibuf_I_O)         0.923     0.923 r  uart_clk_IBUF_inst/O
                         net (fo=1, unplaced)         0.800     1.722    uart_clk_IBUF
                         BUFG (Prop_bufg_I_O)         0.096     1.818 r  uart_clk_IBUF_BUFG_inst/O
                         net (fo=162, unplaced)       0.584     2.402    u_cfg_cdc/uart_clk_IBUF_BUFG
                         FDCE                                         r  u_cfg_cdc/baud_uart_cfg_reg[30]/C
  -------------------------------------------------------------------    -------------------
                         FDCE (Prop_fdce_C_Q)         0.456     2.858 f  u_cfg_cdc/baud_uart_cfg_reg[30]/Q
                         net (fo=3, unplaced)         0.759     3.617    u_cfg_cdc/Q[29]
                         LUT4 (Prop_lut4_I1_O)        0.295     3.912 f  u_cfg_cdc/count2_carry_i_12/O
                         net (fo=1, unplaced)         0.449     4.361    u_cfg_cdc/count2_carry_i_12_n_0
                         LUT5 (Prop_lut5_I4_O)        0.124     4.485 f  u_cfg_cdc/count2_carry_i_8/O
                         net (fo=1, unplaced)         0.902     5.387    u_cfg_cdc/count2_carry_i_8_n_0
                         LUT5 (Prop_lut5_I2_O)        0.124     5.511 f  u_cfg_cdc/count2_carry_i_6/O
                         net (fo=3, unplaced)         0.467     5.978    u_cfg_cdc/baud_uart_cfg_reg[0]_1
                         LUT1 (Prop_lut1_I0_O)        0.124     6.102 r  u_cfg_cdc/count2_carry_i_1/O
                         net (fo=1, unplaced)         0.333     6.435    u_serial_core/u_baud_gen/count1_carry_i_8_0
                         CARRY4 (Prop_carry4_CYINIT_CO[3])
                                                      0.580     7.015 r  u_serial_core/u_baud_gen/count2_carry/CO[3]
                         net (fo=1, unplaced)         0.009     7.024    u_serial_core/u_baud_gen/count2_carry_n_0
                         CARRY4 (Prop_carry4_CI_CO[3])
                                                      0.114     7.138 r  u_serial_core/u_baud_gen/count2_carry__0/CO[3]
                         net (fo=1, unplaced)         0.000     7.138    u_serial_core/u_baud_gen/count2_carry__0_n_0
                         CARRY4 (Prop_carry4_CI_CO[3])
                                                      0.114     7.252 r  u_serial_core/u_baud_gen/count2_carry__1/CO[3]
                         net (fo=1, unplaced)         0.000     7.252    u_serial_core/u_baud_gen/count2_carry__1_n_0
                         CARRY4 (Prop_carry4_CI_CO[3])
                                                      0.114     7.366 r  u_serial_core/u_baud_gen/count2_carry__2/CO[3]
                         net (fo=1, unplaced)         0.000     7.366    u_serial_core/u_baud_gen/count2_carry__2_n_0
                         CARRY4 (Prop_carry4_CI_CO[3])
                                                      0.114     7.480 r  u_serial_core/u_baud_gen/count2_carry__3/CO[3]
                         net (fo=1, unplaced)         0.000     7.480    u_serial_core/u_baud_gen/count2_carry__3_n_0
                         CARRY4 (Prop_carry4_CI_CO[3])
                                                      0.114     7.594 r  u_serial_core/u_baud_gen/count2_carry__4/CO[3]
                         net (fo=1, unplaced)         0.000     7.594    u_serial_core/u_baud_gen/count2_carry__4_n_0
                         CARRY4 (Prop_carry4_CI_O[2])
                                                      0.256     7.850 f  u_serial_core/u_baud_gen/count2_carry__5/O[2]
                         net (fo=2, unplaced)         0.433     8.283    u_serial_core/u_baud_gen/count2[27]
                         LUT4 (Prop_lut4_I1_O)        0.327     8.610 r  u_serial_core/u_baud_gen/count1_carry__2_i_3/O
                         net (fo=1, unplaced)         0.000     8.610    u_serial_core/u_baud_gen/count1_carry__2_i_3_n_0
                         CARRY4 (Prop_carry4_DI[1]_CO[3])
                                                      0.534     9.144 f  u_serial_core/u_baud_gen/count1_carry__2/CO[3]
                         net (fo=33, unplaced)        0.990    10.134    u_serial_core/u_baud_gen/count1_carry__2_n_0
                         LUT3 (Prop_lut3_I2_O)        0.124    10.258 r  u_serial_core/u_baud_gen/count[19]_i_1/O
                         net (fo=1, unplaced)         0.000    10.258    u_serial_core/u_baud_gen/count[19]_i_1_n_0
                         FDCE                                         r  u_serial_core/u_baud_gen/count_reg[19]/D
  -------------------------------------------------------------------    -------------------

                         (clock uart_clk rise edge)
                                                     40.000    40.000 r  
                                                      0.000    40.000 r  uart_clk (IN)
                         net (fo=0)                   0.000    40.000    uart_clk
                         IBUF (Prop_ibuf_I_O)         0.789    40.789 r  uart_clk_IBUF_inst/O
                         net (fo=1, unplaced)         0.760    41.549    uart_clk_IBUF
                         BUFG (Prop_bufg_I_O)         0.091    41.640 r  uart_clk_IBUF_BUFG_inst/O
                         net (fo=162, unplaced)       0.439    42.079    u_serial_core/u_baud_gen/uart_clk_IBUF_BUFG
                         FDCE                                         r  u_serial_core/u_baud_gen/count_reg[19]/C
                         clock pessimism              0.178    42.257    
                         clock uncertainty           -0.035    42.222    
                         FDCE (Setup_fdce_C_D)        0.029    42.251    u_serial_core/u_baud_gen/count_reg[19]
  -------------------------------------------------------------------
                         required time                         42.251    
                         arrival time                         -10.258    
  -------------------------------------------------------------------
                         slack                                 31.993    

Slack (MET) :             31.993ns  (required time - arrival time)
  Source:                 u_cfg_cdc/baud_uart_cfg_reg[30]/C
                            (rising edge-triggered cell FDCE clocked by uart_clk  {rise@0.000ns fall@20.000ns period=40.000ns})
  Destination:            u_serial_core/u_baud_gen/count_reg[1]/D
                            (rising edge-triggered cell FDCE clocked by uart_clk  {rise@0.000ns fall@20.000ns period=40.000ns})
  Path Group:             uart_clk
  Path Type:              Setup (Max at Slow Process Corner)
  Requirement:            40.000ns  (uart_clk rise@40.000ns - uart_clk rise@0.000ns)
  Data Path Delay:        7.856ns  (logic 3.514ns (44.730%)  route 4.342ns (55.270%))
  Logic Levels:           14  (CARRY4=8 LUT1=1 LUT3=1 LUT4=2 LUT5=2)
  Clock Path Skew:        -0.145ns (DCD - SCD + CPR)
    Destination Clock Delay (DCD):    2.079ns = ( 42.079 - 40.000 ) 
    Source Clock Delay      (SCD):    2.402ns
    Clock Pessimism Removal (CPR):    0.178ns
  Clock Uncertainty:      0.035ns  ((TSJ^2 + TIJ^2)^1/2 + DJ) / 2 + PE
    Total System Jitter     (TSJ):    0.071ns
    Total Input Jitter      (TIJ):    0.000ns
    Discrete Jitter          (DJ):    0.000ns
    Phase Error              (PE):    0.000ns

    Location             Delay type                Incr(ns)  Path(ns)    Netlist Resource(s)
  -------------------------------------------------------------------    -------------------
                         (clock uart_clk rise edge)
                                                      0.000     0.000 r  
                                                      0.000     0.000 r  uart_clk (IN)
                         net (fo=0)                   0.000     0.000    uart_clk
                         IBUF (Prop_ibuf_I_O)         0.923     0.923 r  uart_clk_IBUF_inst/O
                         net (fo=1, unplaced)         0.800     1.722    uart_clk_IBUF
                         BUFG (Prop_bufg_I_O)         0.096     1.818 r  uart_clk_IBUF_BUFG_inst/O
                         net (fo=162, unplaced)       0.584     2.402    u_cfg_cdc/uart_clk_IBUF_BUFG
                         FDCE                                         r  u_cfg_cdc/baud_uart_cfg_reg[30]/C
  -------------------------------------------------------------------    -------------------
                         FDCE (Prop_fdce_C_Q)         0.456     2.858 f  u_cfg_cdc/baud_uart_cfg_reg[30]/Q
                         net (fo=3, unplaced)         0.759     3.617    u_cfg_cdc/Q[29]
                         LUT4 (Prop_lut4_I1_O)        0.295     3.912 f  u_cfg_cdc/count2_carry_i_12/O
                         net (fo=1, unplaced)         0.449     4.361    u_cfg_cdc/count2_carry_i_12_n_0
                         LUT5 (Prop_lut5_I4_O)        0.124     4.485 f  u_cfg_cdc/count2_carry_i_8/O
                         net (fo=1, unplaced)         0.902     5.387    u_cfg_cdc/count2_carry_i_8_n_0
                         LUT5 (Prop_lut5_I2_O)        0.124     5.511 f  u_cfg_cdc/count2_carry_i_6/O
                         net (fo=3, unplaced)         0.467     5.978    u_cfg_cdc/baud_uart_cfg_reg[0]_1
                         LUT1 (Prop_lut1_I0_O)        0.124     6.102 r  u_cfg_cdc/count2_carry_i_1/O
                         net (fo=1, unplaced)         0.333     6.435    u_serial_core/u_baud_gen/count1_carry_i_8_0
                         CARRY4 (Prop_carry4_CYINIT_CO[3])
                                                      0.580     7.015 r  u_serial_core/u_baud_gen/count2_carry/CO[3]
                         net (fo=1, unplaced)         0.009     7.024    u_serial_core/u_baud_gen/count2_carry_n_0
                         CARRY4 (Prop_carry4_CI_CO[3])
                                                      0.114     7.138 r  u_serial_core/u_baud_gen/count2_carry__0/CO[3]
                         net (fo=1, unplaced)         0.000     7.138    u_serial_core/u_baud_gen/count2_carry__0_n_0
                         CARRY4 (Prop_carry4_CI_CO[3])
                                                      0.114     7.252 r  u_serial_core/u_baud_gen/count2_carry__1/CO[3]
                         net (fo=1, unplaced)         0.000     7.252    u_serial_core/u_baud_gen/count2_carry__1_n_0
                         CARRY4 (Prop_carry4_CI_CO[3])
                                                      0.114     7.366 r  u_serial_core/u_baud_gen/count2_carry__2/CO[3]
                         net (fo=1, unplaced)         0.000     7.366    u_serial_core/u_baud_gen/count2_carry__2_n_0
                         CARRY4 (Prop_carry4_CI_CO[3])
                                                      0.114     7.480 r  u_serial_core/u_baud_gen/count2_carry__3/CO[3]
                         net (fo=1, unplaced)         0.000     7.480    u_serial_core/u_baud_gen/count2_carry__3_n_0
                         CARRY4 (Prop_carry4_CI_CO[3])
                                                      0.114     7.594 r  u_serial_core/u_baud_gen/count2_carry__4/CO[3]
                         net (fo=1, unplaced)         0.000     7.594    u_serial_core/u_baud_gen/count2_carry__4_n_0
                         CARRY4 (Prop_carry4_CI_O[2])
                                                      0.256     7.850 f  u_serial_core/u_baud_gen/count2_carry__5/O[2]
                         net (fo=2, unplaced)         0.433     8.283    u_serial_core/u_baud_gen/count2[27]
                         LUT4 (Prop_lut4_I1_O)        0.327     8.610 r  u_serial_core/u_baud_gen/count1_carry__2_i_3/O
                         net (fo=1, unplaced)         0.000     8.610    u_serial_core/u_baud_gen/count1_carry__2_i_3_n_0
                         CARRY4 (Prop_carry4_DI[1]_CO[3])
                                                      0.534     9.144 f  u_serial_core/u_baud_gen/count1_carry__2/CO[3]
                         net (fo=33, unplaced)        0.990    10.134    u_serial_core/u_baud_gen/count1_carry__2_n_0
                         LUT3 (Prop_lut3_I2_O)        0.124    10.258 r  u_serial_core/u_baud_gen/count[1]_i_1/O
                         net (fo=1, unplaced)         0.000    10.258    u_serial_core/u_baud_gen/count[1]_i_1_n_0
                         FDCE                                         r  u_serial_core/u_baud_gen/count_reg[1]/D
  -------------------------------------------------------------------    -------------------

                         (clock uart_clk rise edge)
                                                     40.000    40.000 r  
                                                      0.000    40.000 r  uart_clk (IN)
                         net (fo=0)                   0.000    40.000    uart_clk
                         IBUF (Prop_ibuf_I_O)         0.789    40.789 r  uart_clk_IBUF_inst/O
                         net (fo=1, unplaced)         0.760    41.549    uart_clk_IBUF
                         BUFG (Prop_bufg_I_O)         0.091    41.640 r  uart_clk_IBUF_BUFG_inst/O
                         net (fo=162, unplaced)       0.439    42.079    u_serial_core/u_baud_gen/uart_clk_IBUF_BUFG
                         FDCE                                         r  u_serial_core/u_baud_gen/count_reg[1]/C
                         clock pessimism              0.178    42.257    
                         clock uncertainty           -0.035    42.222    
                         FDCE (Setup_fdce_C_D)        0.029    42.251    u_serial_core/u_baud_gen/count_reg[1]
  -------------------------------------------------------------------
                         required time                         42.251    
                         arrival time                         -10.258    
  -------------------------------------------------------------------
                         slack                                 31.993    

Slack (MET) :             31.993ns  (required time - arrival time)
  Source:                 u_cfg_cdc/baud_uart_cfg_reg[30]/C
                            (rising edge-triggered cell FDCE clocked by uart_clk  {rise@0.000ns fall@20.000ns period=40.000ns})
  Destination:            u_serial_core/u_baud_gen/count_reg[21]/D
                            (rising edge-triggered cell FDCE clocked by uart_clk  {rise@0.000ns fall@20.000ns period=40.000ns})
  Path Group:             uart_clk
  Path Type:              Setup (Max at Slow Process Corner)
  Requirement:            40.000ns  (uart_clk rise@40.000ns - uart_clk rise@0.000ns)
  Data Path Delay:        7.856ns  (logic 3.514ns (44.730%)  route 4.342ns (55.270%))
  Logic Levels:           14  (CARRY4=8 LUT1=1 LUT3=1 LUT4=2 LUT5=2)
  Clock Path Skew:        -0.145ns (DCD - SCD + CPR)
    Destination Clock Delay (DCD):    2.079ns = ( 42.079 - 40.000 ) 
    Source Clock Delay      (SCD):    2.402ns
    Clock Pessimism Removal (CPR):    0.178ns
  Clock Uncertainty:      0.035ns  ((TSJ^2 + TIJ^2)^1/2 + DJ) / 2 + PE
    Total System Jitter     (TSJ):    0.071ns
    Total Input Jitter      (TIJ):    0.000ns
    Discrete Jitter          (DJ):    0.000ns
    Phase Error              (PE):    0.000ns

    Location             Delay type                Incr(ns)  Path(ns)    Netlist Resource(s)
  -------------------------------------------------------------------    -------------------
                         (clock uart_clk rise edge)
                                                      0.000     0.000 r  
                                                      0.000     0.000 r  uart_clk (IN)
                         net (fo=0)                   0.000     0.000    uart_clk
                         IBUF (Prop_ibuf_I_O)         0.923     0.923 r  uart_clk_IBUF_inst/O
                         net (fo=1, unplaced)         0.800     1.722    uart_clk_IBUF
                         BUFG (Prop_bufg_I_O)         0.096     1.818 r  uart_clk_IBUF_BUFG_inst/O
                         net (fo=162, unplaced)       0.584     2.402    u_cfg_cdc/uart_clk_IBUF_BUFG
                         FDCE                                         r  u_cfg_cdc/baud_uart_cfg_reg[30]/C
  -------------------------------------------------------------------    -------------------
                         FDCE (Prop_fdce_C_Q)         0.456     2.858 f  u_cfg_cdc/baud_uart_cfg_reg[30]/Q
                         net (fo=3, unplaced)         0.759     3.617    u_cfg_cdc/Q[29]
                         LUT4 (Prop_lut4_I1_O)        0.295     3.912 f  u_cfg_cdc/count2_carry_i_12/O
                         net (fo=1, unplaced)         0.449     4.361    u_cfg_cdc/count2_carry_i_12_n_0
                         LUT5 (Prop_lut5_I4_O)        0.124     4.485 f  u_cfg_cdc/count2_carry_i_8/O
                         net (fo=1, unplaced)         0.902     5.387    u_cfg_cdc/count2_carry_i_8_n_0
                         LUT5 (Prop_lut5_I2_O)        0.124     5.511 f  u_cfg_cdc/count2_carry_i_6/O
                         net (fo=3, unplaced)         0.467     5.978    u_cfg_cdc/baud_uart_cfg_reg[0]_1
                         LUT1 (Prop_lut1_I0_O)        0.124     6.102 r  u_cfg_cdc/count2_carry_i_1/O
                         net (fo=1, unplaced)         0.333     6.435    u_serial_core/u_baud_gen/count1_carry_i_8_0
                         CARRY4 (Prop_carry4_CYINIT_CO[3])
                                                      0.580     7.015 r  u_serial_core/u_baud_gen/count2_carry/CO[3]
                         net (fo=1, unplaced)         0.009     7.024    u_serial_core/u_baud_gen/count2_carry_n_0
                         CARRY4 (Prop_carry4_CI_CO[3])
                                                      0.114     7.138 r  u_serial_core/u_baud_gen/count2_carry__0/CO[3]
                         net (fo=1, unplaced)         0.000     7.138    u_serial_core/u_baud_gen/count2_carry__0_n_0
                         CARRY4 (Prop_carry4_CI_CO[3])
                                                      0.114     7.252 r  u_serial_core/u_baud_gen/count2_carry__1/CO[3]
                         net (fo=1, unplaced)         0.000     7.252    u_serial_core/u_baud_gen/count2_carry__1_n_0
                         CARRY4 (Prop_carry4_CI_CO[3])
                                                      0.114     7.366 r  u_serial_core/u_baud_gen/count2_carry__2/CO[3]
                         net (fo=1, unplaced)         0.000     7.366    u_serial_core/u_baud_gen/count2_carry__2_n_0
                         CARRY4 (Prop_carry4_CI_CO[3])
                                                      0.114     7.480 r  u_serial_core/u_baud_gen/count2_carry__3/CO[3]
                         net (fo=1, unplaced)         0.000     7.480    u_serial_core/u_baud_gen/count2_carry__3_n_0
                         CARRY4 (Prop_carry4_CI_CO[3])
                                                      0.114     7.594 r  u_serial_core/u_baud_gen/count2_carry__4/CO[3]
                         net (fo=1, unplaced)         0.000     7.594    u_serial_core/u_baud_gen/count2_carry__4_n_0
                         CARRY4 (Prop_carry4_CI_O[2])
                                                      0.256     7.850 f  u_serial_core/u_baud_gen/count2_carry__5/O[2]
                         net (fo=2, unplaced)         0.433     8.283    u_serial_core/u_baud_gen/count2[27]
                         LUT4 (Prop_lut4_I1_O)        0.327     8.610 r  u_serial_core/u_baud_gen/count1_carry__2_i_3/O
                         net (fo=1, unplaced)         0.000     8.610    u_serial_core/u_baud_gen/count1_carry__2_i_3_n_0
                         CARRY4 (Prop_carry4_DI[1]_CO[3])
                                                      0.534     9.144 f  u_serial_core/u_baud_gen/count1_carry__2/CO[3]
                         net (fo=33, unplaced)        0.990    10.134    u_serial_core/u_baud_gen/count1_carry__2_n_0
                         LUT3 (Prop_lut3_I2_O)        0.124    10.258 r  u_serial_core/u_baud_gen/count[21]_i_1/O
                         net (fo=1, unplaced)         0.000    10.258    u_serial_core/u_baud_gen/count[21]_i_1_n_0
                         FDCE                                         r  u_serial_core/u_baud_gen/count_reg[21]/D
  -------------------------------------------------------------------    -------------------

                         (clock uart_clk rise edge)
                                                     40.000    40.000 r  
                                                      0.000    40.000 r  uart_clk (IN)
                         net (fo=0)                   0.000    40.000    uart_clk
                         IBUF (Prop_ibuf_I_O)         0.789    40.789 r  uart_clk_IBUF_inst/O
                         net (fo=1, unplaced)         0.760    41.549    uart_clk_IBUF
                         BUFG (Prop_bufg_I_O)         0.091    41.640 r  uart_clk_IBUF_BUFG_inst/O
                         net (fo=162, unplaced)       0.439    42.079    u_serial_core/u_baud_gen/uart_clk_IBUF_BUFG
                         FDCE                                         r  u_serial_core/u_baud_gen/count_reg[21]/C
                         clock pessimism              0.178    42.257    
                         clock uncertainty           -0.035    42.222    
                         FDCE (Setup_fdce_C_D)        0.029    42.251    u_serial_core/u_baud_gen/count_reg[21]
  -------------------------------------------------------------------
                         required time                         42.251    
                         arrival time                         -10.258    
  -------------------------------------------------------------------
                         slack                                 31.993    

Slack (MET) :             31.993ns  (required time - arrival time)
  Source:                 u_cfg_cdc/baud_uart_cfg_reg[30]/C
                            (rising edge-triggered cell FDCE clocked by uart_clk  {rise@0.000ns fall@20.000ns period=40.000ns})
  Destination:            u_serial_core/u_baud_gen/count_reg[23]/D
                            (rising edge-triggered cell FDCE clocked by uart_clk  {rise@0.000ns fall@20.000ns period=40.000ns})
  Path Group:             uart_clk
  Path Type:              Setup (Max at Slow Process Corner)
  Requirement:            40.000ns  (uart_clk rise@40.000ns - uart_clk rise@0.000ns)
  Data Path Delay:        7.856ns  (logic 3.514ns (44.730%)  route 4.342ns (55.270%))
  Logic Levels:           14  (CARRY4=8 LUT1=1 LUT3=1 LUT4=2 LUT5=2)
  Clock Path Skew:        -0.145ns (DCD - SCD + CPR)
    Destination Clock Delay (DCD):    2.079ns = ( 42.079 - 40.000 ) 
    Source Clock Delay      (SCD):    2.402ns
    Clock Pessimism Removal (CPR):    0.178ns
  Clock Uncertainty:      0.035ns  ((TSJ^2 + TIJ^2)^1/2 + DJ) / 2 + PE
    Total System Jitter     (TSJ):    0.071ns
    Total Input Jitter      (TIJ):    0.000ns
    Discrete Jitter          (DJ):    0.000ns
    Phase Error              (PE):    0.000ns

    Location             Delay type                Incr(ns)  Path(ns)    Netlist Resource(s)
  -------------------------------------------------------------------    -------------------
                         (clock uart_clk rise edge)
                                                      0.000     0.000 r  
                                                      0.000     0.000 r  uart_clk (IN)
                         net (fo=0)                   0.000     0.000    uart_clk
                         IBUF (Prop_ibuf_I_O)         0.923     0.923 r  uart_clk_IBUF_inst/O
                         net (fo=1, unplaced)         0.800     1.722    uart_clk_IBUF
                         BUFG (Prop_bufg_I_O)         0.096     1.818 r  uart_clk_IBUF_BUFG_inst/O
                         net (fo=162, unplaced)       0.584     2.402    u_cfg_cdc/uart_clk_IBUF_BUFG
                         FDCE                                         r  u_cfg_cdc/baud_uart_cfg_reg[30]/C
  -------------------------------------------------------------------    -------------------
                         FDCE (Prop_fdce_C_Q)         0.456     2.858 f  u_cfg_cdc/baud_uart_cfg_reg[30]/Q
                         net (fo=3, unplaced)         0.759     3.617    u_cfg_cdc/Q[29]
                         LUT4 (Prop_lut4_I1_O)        0.295     3.912 f  u_cfg_cdc/count2_carry_i_12/O
                         net (fo=1, unplaced)         0.449     4.361    u_cfg_cdc/count2_carry_i_12_n_0
                         LUT5 (Prop_lut5_I4_O)        0.124     4.485 f  u_cfg_cdc/count2_carry_i_8/O
                         net (fo=1, unplaced)         0.902     5.387    u_cfg_cdc/count2_carry_i_8_n_0
                         LUT5 (Prop_lut5_I2_O)        0.124     5.511 f  u_cfg_cdc/count2_carry_i_6/O
                         net (fo=3, unplaced)         0.467     5.978    u_cfg_cdc/baud_uart_cfg_reg[0]_1
                         LUT1 (Prop_lut1_I0_O)        0.124     6.102 r  u_cfg_cdc/count2_carry_i_1/O
                         net (fo=1, unplaced)         0.333     6.435    u_serial_core/u_baud_gen/count1_carry_i_8_0
                         CARRY4 (Prop_carry4_CYINIT_CO[3])
                                                      0.580     7.015 r  u_serial_core/u_baud_gen/count2_carry/CO[3]
                         net (fo=1, unplaced)         0.009     7.024    u_serial_core/u_baud_gen/count2_carry_n_0
                         CARRY4 (Prop_carry4_CI_CO[3])
                                                      0.114     7.138 r  u_serial_core/u_baud_gen/count2_carry__0/CO[3]
                         net (fo=1, unplaced)         0.000     7.138    u_serial_core/u_baud_gen/count2_carry__0_n_0
                         CARRY4 (Prop_carry4_CI_CO[3])
                                                      0.114     7.252 r  u_serial_core/u_baud_gen/count2_carry__1/CO[3]
                         net (fo=1, unplaced)         0.000     7.252    u_serial_core/u_baud_gen/count2_carry__1_n_0
                         CARRY4 (Prop_carry4_CI_CO[3])
                                                      0.114     7.366 r  u_serial_core/u_baud_gen/count2_carry__2/CO[3]
                         net (fo=1, unplaced)         0.000     7.366    u_serial_core/u_baud_gen/count2_carry__2_n_0
                         CARRY4 (Prop_carry4_CI_CO[3])
                                                      0.114     7.480 r  u_serial_core/u_baud_gen/count2_carry__3/CO[3]
                         net (fo=1, unplaced)         0.000     7.480    u_serial_core/u_baud_gen/count2_carry__3_n_0
                         CARRY4 (Prop_carry4_CI_CO[3])
                                                      0.114     7.594 r  u_serial_core/u_baud_gen/count2_carry__4/CO[3]
                         net (fo=1, unplaced)         0.000     7.594    u_serial_core/u_baud_gen/count2_carry__4_n_0
                         CARRY4 (Prop_carry4_CI_O[2])
                                                      0.256     7.850 f  u_serial_core/u_baud_gen/count2_carry__5/O[2]
                         net (fo=2, unplaced)         0.433     8.283    u_serial_core/u_baud_gen/count2[27]
                         LUT4 (Prop_lut4_I1_O)        0.327     8.610 r  u_serial_core/u_baud_gen/count1_carry__2_i_3/O
                         net (fo=1, unplaced)         0.000     8.610    u_serial_core/u_baud_gen/count1_carry__2_i_3_n_0
                         CARRY4 (Prop_carry4_DI[1]_CO[3])
                                                      0.534     9.144 f  u_serial_core/u_baud_gen/count1_carry__2/CO[3]
                         net (fo=33, unplaced)        0.990    10.134    u_serial_core/u_baud_gen/count1_carry__2_n_0
                         LUT3 (Prop_lut3_I2_O)        0.124    10.258 r  u_serial_core/u_baud_gen/count[23]_i_1/O
                         net (fo=1, unplaced)         0.000    10.258    u_serial_core/u_baud_gen/count[23]_i_1_n_0
                         FDCE                                         r  u_serial_core/u_baud_gen/count_reg[23]/D
  -------------------------------------------------------------------    -------------------

                         (clock uart_clk rise edge)
                                                     40.000    40.000 r  
                                                      0.000    40.000 r  uart_clk (IN)
                         net (fo=0)                   0.000    40.000    uart_clk
                         IBUF (Prop_ibuf_I_O)         0.789    40.789 r  uart_clk_IBUF_inst/O
                         net (fo=1, unplaced)         0.760    41.549    uart_clk_IBUF
                         BUFG (Prop_bufg_I_O)         0.091    41.640 r  uart_clk_IBUF_BUFG_inst/O
                         net (fo=162, unplaced)       0.439    42.079    u_serial_core/u_baud_gen/uart_clk_IBUF_BUFG
                         FDCE                                         r  u_serial_core/u_baud_gen/count_reg[23]/C
                         clock pessimism              0.178    42.257    
                         clock uncertainty           -0.035    42.222    
                         FDCE (Setup_fdce_C_D)        0.029    42.251    u_serial_core/u_baud_gen/count_reg[23]
  -------------------------------------------------------------------
                         required time                         42.251    
                         arrival time                         -10.258    
  -------------------------------------------------------------------
                         slack                                 31.993    





Pulse Width Checks
--------------------------------------------------------------------------------------
Clock Name:         uart_clk
Waveform(ns):       { 0.000 20.000 }
Period(ns):         40.000
Sources:            { uart_clk }

Check Type        Corner  Lib Pin     Reference Pin  Required(ns)  Actual(ns)  Slack(ns)  Location  Pin
Min Period        n/a     BUFG/I      n/a            2.155         40.000      37.845               uart_clk_IBUF_BUFG_inst/I
Min Period        n/a     FDCE/C      n/a            1.000         40.000      39.000               u_cfg_cdc/baud_uart_cfg_reg[0]/C
Min Period        n/a     FDCE/C      n/a            1.000         40.000      39.000               u_cfg_cdc/baud_uart_cfg_reg[10]/C
Min Period        n/a     FDCE/C      n/a            1.000         40.000      39.000               u_cfg_cdc/baud_uart_cfg_reg[11]/C
Min Period        n/a     FDCE/C      n/a            1.000         40.000      39.000               u_cfg_cdc/baud_uart_cfg_reg[12]/C
Min Period        n/a     FDCE/C      n/a            1.000         40.000      39.000               u_cfg_cdc/baud_uart_cfg_reg[13]/C
Min Period        n/a     FDCE/C      n/a            1.000         40.000      39.000               u_cfg_cdc/baud_uart_cfg_reg[14]/C
Min Period        n/a     FDCE/C      n/a            1.000         40.000      39.000               u_cfg_cdc/baud_uart_cfg_reg[15]/C
Min Period        n/a     FDCE/C      n/a            1.000         40.000      39.000               u_cfg_cdc/baud_uart_cfg_reg[16]/C
Min Period        n/a     FDCE/C      n/a            1.000         40.000      39.000               u_cfg_cdc/baud_uart_cfg_reg[17]/C
Low Pulse Width   Slow    RAMD32/CLK  n/a            1.250         20.000      18.750               u_rx_fifo/mem_reg_0_15_0_5/RAMA/CLK
Low Pulse Width   Fast    RAMD32/CLK  n/a            1.250         20.000      18.750               u_rx_fifo/mem_reg_0_15_0_5/RAMA/CLK
Low Pulse Width   Slow    RAMD32/CLK  n/a            1.250         20.000      18.750               u_rx_fifo/mem_reg_0_15_0_5/RAMA_D1/CLK
Low Pulse Width   Fast    RAMD32/CLK  n/a            1.250         20.000      18.750               u_rx_fifo/mem_reg_0_15_0_5/RAMA_D1/CLK
Low Pulse Width   Slow    RAMD32/CLK  n/a            1.250         20.000      18.750               u_rx_fifo/mem_reg_0_15_0_5/RAMB/CLK
Low Pulse Width   Fast    RAMD32/CLK  n/a            1.250         20.000      18.750               u_rx_fifo/mem_reg_0_15_0_5/RAMB/CLK
Low Pulse Width   Slow    RAMD32/CLK  n/a            1.250         20.000      18.750               u_rx_fifo/mem_reg_0_15_0_5/RAMB_D1/CLK
Low Pulse Width   Fast    RAMD32/CLK  n/a            1.250         20.000      18.750               u_rx_fifo/mem_reg_0_15_0_5/RAMB_D1/CLK
Low Pulse Width   Slow    RAMD32/CLK  n/a            1.250         20.000      18.750               u_rx_fifo/mem_reg_0_15_0_5/RAMC/CLK
Low Pulse Width   Fast    RAMD32/CLK  n/a            1.250         20.000      18.750               u_rx_fifo/mem_reg_0_15_0_5/RAMC/CLK
High Pulse Width  Slow    RAMD32/CLK  n/a            1.250         20.000      18.750               u_rx_fifo/mem_reg_0_15_0_5/RAMA/CLK
High Pulse Width  Fast    RAMD32/CLK  n/a            1.250         20.000      18.750               u_rx_fifo/mem_reg_0_15_0_5/RAMA/CLK
High Pulse Width  Slow    RAMD32/CLK  n/a            1.250         20.000      18.750               u_rx_fifo/mem_reg_0_15_0_5/RAMA_D1/CLK
High Pulse Width  Fast    RAMD32/CLK  n/a            1.250         20.000      18.750               u_rx_fifo/mem_reg_0_15_0_5/RAMA_D1/CLK
High Pulse Width  Slow    RAMD32/CLK  n/a            1.250         20.000      18.750               u_rx_fifo/mem_reg_0_15_0_5/RAMB/CLK
High Pulse Width  Fast    RAMD32/CLK  n/a            1.250         20.000      18.750               u_rx_fifo/mem_reg_0_15_0_5/RAMB/CLK
High Pulse Width  Slow    RAMD32/CLK  n/a            1.250         20.000      18.750               u_rx_fifo/mem_reg_0_15_0_5/RAMB_D1/CLK
High Pulse Width  Fast    RAMD32/CLK  n/a            1.250         20.000      18.750               u_rx_fifo/mem_reg_0_15_0_5/RAMB_D1/CLK
High Pulse Width  Slow    RAMD32/CLK  n/a            1.250         20.000      18.750               u_rx_fifo/mem_reg_0_15_0_5/RAMC/CLK
High Pulse Width  Fast    RAMD32/CLK  n/a            1.250         20.000      18.750               u_rx_fifo/mem_reg_0_15_0_5/RAMC/CLK



---------------------------------------------------------------------------------------------------
Path Group:  **async_default**
From Clock:  pclk
  To Clock:  pclk

Setup :            0  Failing Endpoints,  Worst Slack        7.471ns,  Total Violation        0.000ns
Hold  :           NA  Failing Endpoints,  Worst Slack           NA  ,  Total Violation           NA
---------------------------------------------------------------------------------------------------


Max Delay Paths
--------------------------------------------------------------------------------------
Slack (MET) :             7.471ns  (required time - arrival time)
  Source:                 u_pclk_reset_sync/sync_pipe_reg[1]/C
                            (rising edge-triggered cell FDCE clocked by pclk  {rise@0.000ns fall@5.000ns period=10.000ns})
  Destination:            rx_frame_err_pclk_q1_reg/CLR
                            (recovery check against rising-edge clock pclk  {rise@0.000ns fall@5.000ns period=10.000ns})
  Path Group:             **async_default**
  Path Type:              Recovery (Max at Slow Process Corner)
  Requirement:            10.000ns  (pclk rise@10.000ns - pclk rise@0.000ns)
  Data Path Delay:        1.940ns  (logic 0.751ns (38.711%)  route 1.189ns (61.289%))
  Logic Levels:           1  (LUT1=1)
  Clock Path Skew:        -0.145ns (DCD - SCD + CPR)
    Destination Clock Delay (DCD):    2.079ns = ( 12.079 - 10.000 ) 
    Source Clock Delay      (SCD):    2.402ns
    Clock Pessimism Removal (CPR):    0.178ns
  Clock Uncertainty:      0.035ns  ((TSJ^2 + TIJ^2)^1/2 + DJ) / 2 + PE
    Total System Jitter     (TSJ):    0.071ns
    Total Input Jitter      (TIJ):    0.000ns
    Discrete Jitter          (DJ):    0.000ns
    Phase Error              (PE):    0.000ns

    Location             Delay type                Incr(ns)  Path(ns)    Netlist Resource(s)
  -------------------------------------------------------------------    -------------------
                         (clock pclk rise edge)       0.000     0.000 r  
                                                      0.000     0.000 r  pclk (IN)
                         net (fo=0)                   0.000     0.000    pclk
                         IBUF (Prop_ibuf_I_O)         0.923     0.923 r  pclk_IBUF_inst/O
                         net (fo=1, unplaced)         0.800     1.722    pclk_IBUF
                         BUFG (Prop_bufg_I_O)         0.096     1.818 r  pclk_IBUF_BUFG_inst/O
                         net (fo=164, unplaced)       0.584     2.402    u_pclk_reset_sync/pclk_IBUF_BUFG
                         FDCE                                         r  u_pclk_reset_sync/sync_pipe_reg[1]/C
  -------------------------------------------------------------------    -------------------
                         FDCE (Prop_fdce_C_Q)         0.456     2.858 r  u_pclk_reset_sync/sync_pipe_reg[1]/Q
                         net (fo=1, unplaced)         0.311     3.169    u_pclk_reset_sync/sync_pipe[1]
                         LUT1 (Prop_lut1_I0_O)        0.295     3.464 f  u_pclk_reset_sync/ctrl_reg[2]_i_2/O
                         net (fo=110, unplaced)       0.878     4.342    u_pclk_reset_sync_n_0
                         FDCE                                         f  rx_frame_err_pclk_q1_reg/CLR
  -------------------------------------------------------------------    -------------------

                         (clock pclk rise edge)      10.000    10.000 r  
                                                      0.000    10.000 r  pclk (IN)
                         net (fo=0)                   0.000    10.000    pclk
                         IBUF (Prop_ibuf_I_O)         0.789    10.789 r  pclk_IBUF_inst/O
                         net (fo=1, unplaced)         0.760    11.549    pclk_IBUF
                         BUFG (Prop_bufg_I_O)         0.091    11.640 r  pclk_IBUF_BUFG_inst/O
                         net (fo=164, unplaced)       0.439    12.079    pclk_IBUF_BUFG
                         FDCE                                         r  rx_frame_err_pclk_q1_reg/C
                         clock pessimism              0.178    12.257    
                         clock uncertainty           -0.035    12.222    
                         FDCE (Recov_fdce_C_CLR)     -0.409    11.813    rx_frame_err_pclk_q1_reg
  -------------------------------------------------------------------
                         required time                         11.813    
                         arrival time                          -4.342    
  -------------------------------------------------------------------
                         slack                                  7.471    

Slack (MET) :             7.471ns  (required time - arrival time)
  Source:                 u_pclk_reset_sync/sync_pipe_reg[1]/C
                            (rising edge-triggered cell FDCE clocked by pclk  {rise@0.000ns fall@5.000ns period=10.000ns})
  Destination:            rx_frame_err_pclk_q2_reg/CLR
                            (recovery check against rising-edge clock pclk  {rise@0.000ns fall@5.000ns period=10.000ns})
  Path Group:             **async_default**
  Path Type:              Recovery (Max at Slow Process Corner)
  Requirement:            10.000ns  (pclk rise@10.000ns - pclk rise@0.000ns)
  Data Path Delay:        1.940ns  (logic 0.751ns (38.711%)  route 1.189ns (61.289%))
  Logic Levels:           1  (LUT1=1)
  Clock Path Skew:        -0.145ns (DCD - SCD + CPR)
    Destination Clock Delay (DCD):    2.079ns = ( 12.079 - 10.000 ) 
    Source Clock Delay      (SCD):    2.402ns
    Clock Pessimism Removal (CPR):    0.178ns
  Clock Uncertainty:      0.035ns  ((TSJ^2 + TIJ^2)^1/2 + DJ) / 2 + PE
    Total System Jitter     (TSJ):    0.071ns
    Total Input Jitter      (TIJ):    0.000ns
    Discrete Jitter          (DJ):    0.000ns
    Phase Error              (PE):    0.000ns

    Location             Delay type                Incr(ns)  Path(ns)    Netlist Resource(s)
  -------------------------------------------------------------------    -------------------
                         (clock pclk rise edge)       0.000     0.000 r  
                                                      0.000     0.000 r  pclk (IN)
                         net (fo=0)                   0.000     0.000    pclk
                         IBUF (Prop_ibuf_I_O)         0.923     0.923 r  pclk_IBUF_inst/O
                         net (fo=1, unplaced)         0.800     1.722    pclk_IBUF
                         BUFG (Prop_bufg_I_O)         0.096     1.818 r  pclk_IBUF_BUFG_inst/O
                         net (fo=164, unplaced)       0.584     2.402    u_pclk_reset_sync/pclk_IBUF_BUFG
                         FDCE                                         r  u_pclk_reset_sync/sync_pipe_reg[1]/C
  -------------------------------------------------------------------    -------------------
                         FDCE (Prop_fdce_C_Q)         0.456     2.858 r  u_pclk_reset_sync/sync_pipe_reg[1]/Q
                         net (fo=1, unplaced)         0.311     3.169    u_pclk_reset_sync/sync_pipe[1]
                         LUT1 (Prop_lut1_I0_O)        0.295     3.464 f  u_pclk_reset_sync/ctrl_reg[2]_i_2/O
                         net (fo=110, unplaced)       0.878     4.342    u_pclk_reset_sync_n_0
                         FDCE                                         f  rx_frame_err_pclk_q2_reg/CLR
  -------------------------------------------------------------------    -------------------

                         (clock pclk rise edge)      10.000    10.000 r  
                                                      0.000    10.000 r  pclk (IN)
                         net (fo=0)                   0.000    10.000    pclk
                         IBUF (Prop_ibuf_I_O)         0.789    10.789 r  pclk_IBUF_inst/O
                         net (fo=1, unplaced)         0.760    11.549    pclk_IBUF
                         BUFG (Prop_bufg_I_O)         0.091    11.640 r  pclk_IBUF_BUFG_inst/O
                         net (fo=164, unplaced)       0.439    12.079    pclk_IBUF_BUFG
                         FDCE                                         r  rx_frame_err_pclk_q2_reg/C
                         clock pessimism              0.178    12.257    
                         clock uncertainty           -0.035    12.222    
                         FDCE (Recov_fdce_C_CLR)     -0.409    11.813    rx_frame_err_pclk_q2_reg
  -------------------------------------------------------------------
                         required time                         11.813    
                         arrival time                          -4.342    
  -------------------------------------------------------------------
                         slack                                  7.471    

Slack (MET) :             7.471ns  (required time - arrival time)
  Source:                 u_pclk_reset_sync/sync_pipe_reg[1]/C
                            (rising edge-triggered cell FDCE clocked by pclk  {rise@0.000ns fall@5.000ns period=10.000ns})
  Destination:            rx_full_pclk_q1_reg/CLR
                            (recovery check against rising-edge clock pclk  {rise@0.000ns fall@5.000ns period=10.000ns})
  Path Group:             **async_default**
  Path Type:              Recovery (Max at Slow Process Corner)
  Requirement:            10.000ns  (pclk rise@10.000ns - pclk rise@0.000ns)
  Data Path Delay:        1.940ns  (logic 0.751ns (38.711%)  route 1.189ns (61.289%))
  Logic Levels:           1  (LUT1=1)
  Clock Path Skew:        -0.145ns (DCD - SCD + CPR)
    Destination Clock Delay (DCD):    2.079ns = ( 12.079 - 10.000 ) 
    Source Clock Delay      (SCD):    2.402ns
    Clock Pessimism Removal (CPR):    0.178ns
  Clock Uncertainty:      0.035ns  ((TSJ^2 + TIJ^2)^1/2 + DJ) / 2 + PE
    Total System Jitter     (TSJ):    0.071ns
    Total Input Jitter      (TIJ):    0.000ns
    Discrete Jitter          (DJ):    0.000ns
    Phase Error              (PE):    0.000ns

    Location             Delay type                Incr(ns)  Path(ns)    Netlist Resource(s)
  -------------------------------------------------------------------    -------------------
                         (clock pclk rise edge)       0.000     0.000 r  
                                                      0.000     0.000 r  pclk (IN)
                         net (fo=0)                   0.000     0.000    pclk
                         IBUF (Prop_ibuf_I_O)         0.923     0.923 r  pclk_IBUF_inst/O
                         net (fo=1, unplaced)         0.800     1.722    pclk_IBUF
                         BUFG (Prop_bufg_I_O)         0.096     1.818 r  pclk_IBUF_BUFG_inst/O
                         net (fo=164, unplaced)       0.584     2.402    u_pclk_reset_sync/pclk_IBUF_BUFG
                         FDCE                                         r  u_pclk_reset_sync/sync_pipe_reg[1]/C
  -------------------------------------------------------------------    -------------------
                         FDCE (Prop_fdce_C_Q)         0.456     2.858 r  u_pclk_reset_sync/sync_pipe_reg[1]/Q
                         net (fo=1, unplaced)         0.311     3.169    u_pclk_reset_sync/sync_pipe[1]
                         LUT1 (Prop_lut1_I0_O)        0.295     3.464 f  u_pclk_reset_sync/ctrl_reg[2]_i_2/O
                         net (fo=110, unplaced)       0.878     4.342    u_pclk_reset_sync_n_0
                         FDCE                                         f  rx_full_pclk_q1_reg/CLR
  -------------------------------------------------------------------    -------------------

                         (clock pclk rise edge)      10.000    10.000 r  
                                                      0.000    10.000 r  pclk (IN)
                         net (fo=0)                   0.000    10.000    pclk
                         IBUF (Prop_ibuf_I_O)         0.789    10.789 r  pclk_IBUF_inst/O
                         net (fo=1, unplaced)         0.760    11.549    pclk_IBUF
                         BUFG (Prop_bufg_I_O)         0.091    11.640 r  pclk_IBUF_BUFG_inst/O
                         net (fo=164, unplaced)       0.439    12.079    pclk_IBUF_BUFG
                         FDCE                                         r  rx_full_pclk_q1_reg/C
                         clock pessimism              0.178    12.257    
                         clock uncertainty           -0.035    12.222    
                         FDCE (Recov_fdce_C_CLR)     -0.409    11.813    rx_full_pclk_q1_reg
  -------------------------------------------------------------------
                         required time                         11.813    
                         arrival time                          -4.342    
  -------------------------------------------------------------------
                         slack                                  7.471    

Slack (MET) :             7.471ns  (required time - arrival time)
  Source:                 u_pclk_reset_sync/sync_pipe_reg[1]/C
                            (rising edge-triggered cell FDCE clocked by pclk  {rise@0.000ns fall@5.000ns period=10.000ns})
  Destination:            rx_full_pclk_q2_reg/CLR
                            (recovery check against rising-edge clock pclk  {rise@0.000ns fall@5.000ns period=10.000ns})
  Path Group:             **async_default**
  Path Type:              Recovery (Max at Slow Process Corner)
  Requirement:            10.000ns  (pclk rise@10.000ns - pclk rise@0.000ns)
  Data Path Delay:        1.940ns  (logic 0.751ns (38.711%)  route 1.189ns (61.289%))
  Logic Levels:           1  (LUT1=1)
  Clock Path Skew:        -0.145ns (DCD - SCD + CPR)
    Destination Clock Delay (DCD):    2.079ns = ( 12.079 - 10.000 ) 
    Source Clock Delay      (SCD):    2.402ns
    Clock Pessimism Removal (CPR):    0.178ns
  Clock Uncertainty:      0.035ns  ((TSJ^2 + TIJ^2)^1/2 + DJ) / 2 + PE
    Total System Jitter     (TSJ):    0.071ns
    Total Input Jitter      (TIJ):    0.000ns
    Discrete Jitter          (DJ):    0.000ns
    Phase Error              (PE):    0.000ns

    Location             Delay type                Incr(ns)  Path(ns)    Netlist Resource(s)
  -------------------------------------------------------------------    -------------------
                         (clock pclk rise edge)       0.000     0.000 r  
                                                      0.000     0.000 r  pclk (IN)
                         net (fo=0)                   0.000     0.000    pclk
                         IBUF (Prop_ibuf_I_O)         0.923     0.923 r  pclk_IBUF_inst/O
                         net (fo=1, unplaced)         0.800     1.722    pclk_IBUF
                         BUFG (Prop_bufg_I_O)         0.096     1.818 r  pclk_IBUF_BUFG_inst/O
                         net (fo=164, unplaced)       0.584     2.402    u_pclk_reset_sync/pclk_IBUF_BUFG
                         FDCE                                         r  u_pclk_reset_sync/sync_pipe_reg[1]/C
  -------------------------------------------------------------------    -------------------
                         FDCE (Prop_fdce_C_Q)         0.456     2.858 r  u_pclk_reset_sync/sync_pipe_reg[1]/Q
                         net (fo=1, unplaced)         0.311     3.169    u_pclk_reset_sync/sync_pipe[1]
                         LUT1 (Prop_lut1_I0_O)        0.295     3.464 f  u_pclk_reset_sync/ctrl_reg[2]_i_2/O
                         net (fo=110, unplaced)       0.878     4.342    u_pclk_reset_sync_n_0
                         FDCE                                         f  rx_full_pclk_q2_reg/CLR
  -------------------------------------------------------------------    -------------------

                         (clock pclk rise edge)      10.000    10.000 r  
                                                      0.000    10.000 r  pclk (IN)
                         net (fo=0)                   0.000    10.000    pclk
                         IBUF (Prop_ibuf_I_O)         0.789    10.789 r  pclk_IBUF_inst/O
                         net (fo=1, unplaced)         0.760    11.549    pclk_IBUF
                         BUFG (Prop_bufg_I_O)         0.091    11.640 r  pclk_IBUF_BUFG_inst/O
                         net (fo=164, unplaced)       0.439    12.079    pclk_IBUF_BUFG
                         FDCE                                         r  rx_full_pclk_q2_reg/C
                         clock pessimism              0.178    12.257    
                         clock uncertainty           -0.035    12.222    
                         FDCE (Recov_fdce_C_CLR)     -0.409    11.813    rx_full_pclk_q2_reg
  -------------------------------------------------------------------
                         required time                         11.813    
                         arrival time                          -4.342    
  -------------------------------------------------------------------
                         slack                                  7.471    

Slack (MET) :             7.471ns  (required time - arrival time)
  Source:                 u_pclk_reset_sync/sync_pipe_reg[1]/C
                            (rising edge-triggered cell FDCE clocked by pclk  {rise@0.000ns fall@5.000ns period=10.000ns})
  Destination:            u_cfg_cdc/cfg_ack_meta_reg/CLR
                            (recovery check against rising-edge clock pclk  {rise@0.000ns fall@5.000ns period=10.000ns})
  Path Group:             **async_default**
  Path Type:              Recovery (Max at Slow Process Corner)
  Requirement:            10.000ns  (pclk rise@10.000ns - pclk rise@0.000ns)
  Data Path Delay:        1.940ns  (logic 0.751ns (38.711%)  route 1.189ns (61.289%))
  Logic Levels:           1  (LUT1=1)
  Clock Path Skew:        -0.145ns (DCD - SCD + CPR)
    Destination Clock Delay (DCD):    2.079ns = ( 12.079 - 10.000 ) 
    Source Clock Delay      (SCD):    2.402ns
    Clock Pessimism Removal (CPR):    0.178ns
  Clock Uncertainty:      0.035ns  ((TSJ^2 + TIJ^2)^1/2 + DJ) / 2 + PE
    Total System Jitter     (TSJ):    0.071ns
    Total Input Jitter      (TIJ):    0.000ns
    Discrete Jitter          (DJ):    0.000ns
    Phase Error              (PE):    0.000ns

    Location             Delay type                Incr(ns)  Path(ns)    Netlist Resource(s)
  -------------------------------------------------------------------    -------------------
                         (clock pclk rise edge)       0.000     0.000 r  
                                                      0.000     0.000 r  pclk (IN)
                         net (fo=0)                   0.000     0.000    pclk
                         IBUF (Prop_ibuf_I_O)         0.923     0.923 r  pclk_IBUF_inst/O
                         net (fo=1, unplaced)         0.800     1.722    pclk_IBUF
                         BUFG (Prop_bufg_I_O)         0.096     1.818 r  pclk_IBUF_BUFG_inst/O
                         net (fo=164, unplaced)       0.584     2.402    u_pclk_reset_sync/pclk_IBUF_BUFG
                         FDCE                                         r  u_pclk_reset_sync/sync_pipe_reg[1]/C
  -------------------------------------------------------------------    -------------------
                         FDCE (Prop_fdce_C_Q)         0.456     2.858 r  u_pclk_reset_sync/sync_pipe_reg[1]/Q
                         net (fo=1, unplaced)         0.311     3.169    u_pclk_reset_sync/sync_pipe[1]
                         LUT1 (Prop_lut1_I0_O)        0.295     3.464 f  u_pclk_reset_sync/ctrl_reg[2]_i_2/O
                         net (fo=110, unplaced)       0.878     4.342    u_cfg_cdc/cfg_baud_hold_reg[0]_0
                         FDCE                                         f  u_cfg_cdc/cfg_ack_meta_reg/CLR
  -------------------------------------------------------------------    -------------------

                         (clock pclk rise edge)      10.000    10.000 r  
                                                      0.000    10.000 r  pclk (IN)
                         net (fo=0)                   0.000    10.000    pclk
                         IBUF (Prop_ibuf_I_O)         0.789    10.789 r  pclk_IBUF_inst/O
                         net (fo=1, unplaced)         0.760    11.549    pclk_IBUF
                         BUFG (Prop_bufg_I_O)         0.091    11.640 r  pclk_IBUF_BUFG_inst/O
                         net (fo=164, unplaced)       0.439    12.079    u_cfg_cdc/pclk_IBUF_BUFG
                         FDCE                                         r  u_cfg_cdc/cfg_ack_meta_reg/C
                         clock pessimism              0.178    12.257    
                         clock uncertainty           -0.035    12.222    
                         FDCE (Recov_fdce_C_CLR)     -0.409    11.813    u_cfg_cdc/cfg_ack_meta_reg
  -------------------------------------------------------------------
                         required time                         11.813    
                         arrival time                          -4.342    
  -------------------------------------------------------------------
                         slack                                  7.471    

Slack (MET) :             7.471ns  (required time - arrival time)
  Source:                 u_pclk_reset_sync/sync_pipe_reg[1]/C
                            (rising edge-triggered cell FDCE clocked by pclk  {rise@0.000ns fall@5.000ns period=10.000ns})
  Destination:            u_cfg_cdc/cfg_ack_sync_reg/CLR
                            (recovery check against rising-edge clock pclk  {rise@0.000ns fall@5.000ns period=10.000ns})
  Path Group:             **async_default**
  Path Type:              Recovery (Max at Slow Process Corner)
  Requirement:            10.000ns  (pclk rise@10.000ns - pclk rise@0.000ns)
  Data Path Delay:        1.940ns  (logic 0.751ns (38.711%)  route 1.189ns (61.289%))
  Logic Levels:           1  (LUT1=1)
  Clock Path Skew:        -0.145ns (DCD - SCD + CPR)
    Destination Clock Delay (DCD):    2.079ns = ( 12.079 - 10.000 ) 
    Source Clock Delay      (SCD):    2.402ns
    Clock Pessimism Removal (CPR):    0.178ns
  Clock Uncertainty:      0.035ns  ((TSJ^2 + TIJ^2)^1/2 + DJ) / 2 + PE
    Total System Jitter     (TSJ):    0.071ns
    Total Input Jitter      (TIJ):    0.000ns
    Discrete Jitter          (DJ):    0.000ns
    Phase Error              (PE):    0.000ns

    Location             Delay type                Incr(ns)  Path(ns)    Netlist Resource(s)
  -------------------------------------------------------------------    -------------------
                         (clock pclk rise edge)       0.000     0.000 r  
                                                      0.000     0.000 r  pclk (IN)
                         net (fo=0)                   0.000     0.000    pclk
                         IBUF (Prop_ibuf_I_O)         0.923     0.923 r  pclk_IBUF_inst/O
                         net (fo=1, unplaced)         0.800     1.722    pclk_IBUF
                         BUFG (Prop_bufg_I_O)         0.096     1.818 r  pclk_IBUF_BUFG_inst/O
                         net (fo=164, unplaced)       0.584     2.402    u_pclk_reset_sync/pclk_IBUF_BUFG
                         FDCE                                         r  u_pclk_reset_sync/sync_pipe_reg[1]/C
  -------------------------------------------------------------------    -------------------
                         FDCE (Prop_fdce_C_Q)         0.456     2.858 r  u_pclk_reset_sync/sync_pipe_reg[1]/Q
                         net (fo=1, unplaced)         0.311     3.169    u_pclk_reset_sync/sync_pipe[1]
                         LUT1 (Prop_lut1_I0_O)        0.295     3.464 f  u_pclk_reset_sync/ctrl_reg[2]_i_2/O
                         net (fo=110, unplaced)       0.878     4.342    u_cfg_cdc/cfg_baud_hold_reg[0]_0
                         FDCE                                         f  u_cfg_cdc/cfg_ack_sync_reg/CLR
  -------------------------------------------------------------------    -------------------

                         (clock pclk rise edge)      10.000    10.000 r  
                                                      0.000    10.000 r  pclk (IN)
                         net (fo=0)                   0.000    10.000    pclk
                         IBUF (Prop_ibuf_I_O)         0.789    10.789 r  pclk_IBUF_inst/O
                         net (fo=1, unplaced)         0.760    11.549    pclk_IBUF
                         BUFG (Prop_bufg_I_O)         0.091    11.640 r  pclk_IBUF_BUFG_inst/O
                         net (fo=164, unplaced)       0.439    12.079    u_cfg_cdc/pclk_IBUF_BUFG
                         FDCE                                         r  u_cfg_cdc/cfg_ack_sync_reg/C
                         clock pessimism              0.178    12.257    
                         clock uncertainty           -0.035    12.222    
                         FDCE (Recov_fdce_C_CLR)     -0.409    11.813    u_cfg_cdc/cfg_ack_sync_reg
  -------------------------------------------------------------------
                         required time                         11.813    
                         arrival time                          -4.342    
  -------------------------------------------------------------------
                         slack                                  7.471    

Slack (MET) :             7.471ns  (required time - arrival time)
  Source:                 u_pclk_reset_sync/sync_pipe_reg[1]/C
                            (rising edge-triggered cell FDCE clocked by pclk  {rise@0.000ns fall@5.000ns period=10.000ns})
  Destination:            u_cfg_cdc/cfg_baud_hold_reg[0]/CLR
                            (recovery check against rising-edge clock pclk  {rise@0.000ns fall@5.000ns period=10.000ns})
  Path Group:             **async_default**
  Path Type:              Recovery (Max at Slow Process Corner)
  Requirement:            10.000ns  (pclk rise@10.000ns - pclk rise@0.000ns)
  Data Path Delay:        1.940ns  (logic 0.751ns (38.711%)  route 1.189ns (61.289%))
  Logic Levels:           1  (LUT1=1)
  Clock Path Skew:        -0.145ns (DCD - SCD + CPR)
    Destination Clock Delay (DCD):    2.079ns = ( 12.079 - 10.000 ) 
    Source Clock Delay      (SCD):    2.402ns
    Clock Pessimism Removal (CPR):    0.178ns
  Clock Uncertainty:      0.035ns  ((TSJ^2 + TIJ^2)^1/2 + DJ) / 2 + PE
    Total System Jitter     (TSJ):    0.071ns
    Total Input Jitter      (TIJ):    0.000ns
    Discrete Jitter          (DJ):    0.000ns
    Phase Error              (PE):    0.000ns

    Location             Delay type                Incr(ns)  Path(ns)    Netlist Resource(s)
  -------------------------------------------------------------------    -------------------
                         (clock pclk rise edge)       0.000     0.000 r  
                                                      0.000     0.000 r  pclk (IN)
                         net (fo=0)                   0.000     0.000    pclk
                         IBUF (Prop_ibuf_I_O)         0.923     0.923 r  pclk_IBUF_inst/O
                         net (fo=1, unplaced)         0.800     1.722    pclk_IBUF
                         BUFG (Prop_bufg_I_O)         0.096     1.818 r  pclk_IBUF_BUFG_inst/O
                         net (fo=164, unplaced)       0.584     2.402    u_pclk_reset_sync/pclk_IBUF_BUFG
                         FDCE                                         r  u_pclk_reset_sync/sync_pipe_reg[1]/C
  -------------------------------------------------------------------    -------------------
                         FDCE (Prop_fdce_C_Q)         0.456     2.858 r  u_pclk_reset_sync/sync_pipe_reg[1]/Q
                         net (fo=1, unplaced)         0.311     3.169    u_pclk_reset_sync/sync_pipe[1]
                         LUT1 (Prop_lut1_I0_O)        0.295     3.464 f  u_pclk_reset_sync/ctrl_reg[2]_i_2/O
                         net (fo=110, unplaced)       0.878     4.342    u_cfg_cdc/cfg_baud_hold_reg[0]_0
                         FDCE                                         f  u_cfg_cdc/cfg_baud_hold_reg[0]/CLR
  -------------------------------------------------------------------    -------------------

                         (clock pclk rise edge)      10.000    10.000 r  
                                                      0.000    10.000 r  pclk (IN)
                         net (fo=0)                   0.000    10.000    pclk
                         IBUF (Prop_ibuf_I_O)         0.789    10.789 r  pclk_IBUF_inst/O
                         net (fo=1, unplaced)         0.760    11.549    pclk_IBUF
                         BUFG (Prop_bufg_I_O)         0.091    11.640 r  pclk_IBUF_BUFG_inst/O
                         net (fo=164, unplaced)       0.439    12.079    u_cfg_cdc/pclk_IBUF_BUFG
                         FDCE                                         r  u_cfg_cdc/cfg_baud_hold_reg[0]/C
                         clock pessimism              0.178    12.257    
                         clock uncertainty           -0.035    12.222    
                         FDCE (Recov_fdce_C_CLR)     -0.409    11.813    u_cfg_cdc/cfg_baud_hold_reg[0]
  -------------------------------------------------------------------
                         required time                         11.813    
                         arrival time                          -4.342    
  -------------------------------------------------------------------
                         slack                                  7.471    

Slack (MET) :             7.471ns  (required time - arrival time)
  Source:                 u_pclk_reset_sync/sync_pipe_reg[1]/C
                            (rising edge-triggered cell FDCE clocked by pclk  {rise@0.000ns fall@5.000ns period=10.000ns})
  Destination:            u_cfg_cdc/cfg_baud_hold_reg[10]/CLR
                            (recovery check against rising-edge clock pclk  {rise@0.000ns fall@5.000ns period=10.000ns})
  Path Group:             **async_default**
  Path Type:              Recovery (Max at Slow Process Corner)
  Requirement:            10.000ns  (pclk rise@10.000ns - pclk rise@0.000ns)
  Data Path Delay:        1.940ns  (logic 0.751ns (38.711%)  route 1.189ns (61.289%))
  Logic Levels:           1  (LUT1=1)
  Clock Path Skew:        -0.145ns (DCD - SCD + CPR)
    Destination Clock Delay (DCD):    2.079ns = ( 12.079 - 10.000 ) 
    Source Clock Delay      (SCD):    2.402ns
    Clock Pessimism Removal (CPR):    0.178ns
  Clock Uncertainty:      0.035ns  ((TSJ^2 + TIJ^2)^1/2 + DJ) / 2 + PE
    Total System Jitter     (TSJ):    0.071ns
    Total Input Jitter      (TIJ):    0.000ns
    Discrete Jitter          (DJ):    0.000ns
    Phase Error              (PE):    0.000ns

    Location             Delay type                Incr(ns)  Path(ns)    Netlist Resource(s)
  -------------------------------------------------------------------    -------------------
                         (clock pclk rise edge)       0.000     0.000 r  
                                                      0.000     0.000 r  pclk (IN)
                         net (fo=0)                   0.000     0.000    pclk
                         IBUF (Prop_ibuf_I_O)         0.923     0.923 r  pclk_IBUF_inst/O
                         net (fo=1, unplaced)         0.800     1.722    pclk_IBUF
                         BUFG (Prop_bufg_I_O)         0.096     1.818 r  pclk_IBUF_BUFG_inst/O
                         net (fo=164, unplaced)       0.584     2.402    u_pclk_reset_sync/pclk_IBUF_BUFG
                         FDCE                                         r  u_pclk_reset_sync/sync_pipe_reg[1]/C
  -------------------------------------------------------------------    -------------------
                         FDCE (Prop_fdce_C_Q)         0.456     2.858 r  u_pclk_reset_sync/sync_pipe_reg[1]/Q
                         net (fo=1, unplaced)         0.311     3.169    u_pclk_reset_sync/sync_pipe[1]
                         LUT1 (Prop_lut1_I0_O)        0.295     3.464 f  u_pclk_reset_sync/ctrl_reg[2]_i_2/O
                         net (fo=110, unplaced)       0.878     4.342    u_cfg_cdc/cfg_baud_hold_reg[0]_0
                         FDCE                                         f  u_cfg_cdc/cfg_baud_hold_reg[10]/CLR
  -------------------------------------------------------------------    -------------------

                         (clock pclk rise edge)      10.000    10.000 r  
                                                      0.000    10.000 r  pclk (IN)
                         net (fo=0)                   0.000    10.000    pclk
                         IBUF (Prop_ibuf_I_O)         0.789    10.789 r  pclk_IBUF_inst/O
                         net (fo=1, unplaced)         0.760    11.549    pclk_IBUF
                         BUFG (Prop_bufg_I_O)         0.091    11.640 r  pclk_IBUF_BUFG_inst/O
                         net (fo=164, unplaced)       0.439    12.079    u_cfg_cdc/pclk_IBUF_BUFG
                         FDCE                                         r  u_cfg_cdc/cfg_baud_hold_reg[10]/C
                         clock pessimism              0.178    12.257    
                         clock uncertainty           -0.035    12.222    
                         FDCE (Recov_fdce_C_CLR)     -0.409    11.813    u_cfg_cdc/cfg_baud_hold_reg[10]
  -------------------------------------------------------------------
                         required time                         11.813    
                         arrival time                          -4.342    
  -------------------------------------------------------------------
                         slack                                  7.471    

Slack (MET) :             7.471ns  (required time - arrival time)
  Source:                 u_pclk_reset_sync/sync_pipe_reg[1]/C
                            (rising edge-triggered cell FDCE clocked by pclk  {rise@0.000ns fall@5.000ns period=10.000ns})
  Destination:            u_cfg_cdc/cfg_baud_hold_reg[11]/CLR
                            (recovery check against rising-edge clock pclk  {rise@0.000ns fall@5.000ns period=10.000ns})
  Path Group:             **async_default**
  Path Type:              Recovery (Max at Slow Process Corner)
  Requirement:            10.000ns  (pclk rise@10.000ns - pclk rise@0.000ns)
  Data Path Delay:        1.940ns  (logic 0.751ns (38.711%)  route 1.189ns (61.289%))
  Logic Levels:           1  (LUT1=1)
  Clock Path Skew:        -0.145ns (DCD - SCD + CPR)
    Destination Clock Delay (DCD):    2.079ns = ( 12.079 - 10.000 ) 
    Source Clock Delay      (SCD):    2.402ns
    Clock Pessimism Removal (CPR):    0.178ns
  Clock Uncertainty:      0.035ns  ((TSJ^2 + TIJ^2)^1/2 + DJ) / 2 + PE
    Total System Jitter     (TSJ):    0.071ns
    Total Input Jitter      (TIJ):    0.000ns
    Discrete Jitter          (DJ):    0.000ns
    Phase Error              (PE):    0.000ns

    Location             Delay type                Incr(ns)  Path(ns)    Netlist Resource(s)
  -------------------------------------------------------------------    -------------------
                         (clock pclk rise edge)       0.000     0.000 r  
                                                      0.000     0.000 r  pclk (IN)
                         net (fo=0)                   0.000     0.000    pclk
                         IBUF (Prop_ibuf_I_O)         0.923     0.923 r  pclk_IBUF_inst/O
                         net (fo=1, unplaced)         0.800     1.722    pclk_IBUF
                         BUFG (Prop_bufg_I_O)         0.096     1.818 r  pclk_IBUF_BUFG_inst/O
                         net (fo=164, unplaced)       0.584     2.402    u_pclk_reset_sync/pclk_IBUF_BUFG
                         FDCE                                         r  u_pclk_reset_sync/sync_pipe_reg[1]/C
  -------------------------------------------------------------------    -------------------
                         FDCE (Prop_fdce_C_Q)         0.456     2.858 r  u_pclk_reset_sync/sync_pipe_reg[1]/Q
                         net (fo=1, unplaced)         0.311     3.169    u_pclk_reset_sync/sync_pipe[1]
                         LUT1 (Prop_lut1_I0_O)        0.295     3.464 f  u_pclk_reset_sync/ctrl_reg[2]_i_2/O
                         net (fo=110, unplaced)       0.878     4.342    u_cfg_cdc/cfg_baud_hold_reg[0]_0
                         FDCE                                         f  u_cfg_cdc/cfg_baud_hold_reg[11]/CLR
  -------------------------------------------------------------------    -------------------

                         (clock pclk rise edge)      10.000    10.000 r  
                                                      0.000    10.000 r  pclk (IN)
                         net (fo=0)                   0.000    10.000    pclk
                         IBUF (Prop_ibuf_I_O)         0.789    10.789 r  pclk_IBUF_inst/O
                         net (fo=1, unplaced)         0.760    11.549    pclk_IBUF
                         BUFG (Prop_bufg_I_O)         0.091    11.640 r  pclk_IBUF_BUFG_inst/O
                         net (fo=164, unplaced)       0.439    12.079    u_cfg_cdc/pclk_IBUF_BUFG
                         FDCE                                         r  u_cfg_cdc/cfg_baud_hold_reg[11]/C
                         clock pessimism              0.178    12.257    
                         clock uncertainty           -0.035    12.222    
                         FDCE (Recov_fdce_C_CLR)     -0.409    11.813    u_cfg_cdc/cfg_baud_hold_reg[11]
  -------------------------------------------------------------------
                         required time                         11.813    
                         arrival time                          -4.342    
  -------------------------------------------------------------------
                         slack                                  7.471    

Slack (MET) :             7.471ns  (required time - arrival time)
  Source:                 u_pclk_reset_sync/sync_pipe_reg[1]/C
                            (rising edge-triggered cell FDCE clocked by pclk  {rise@0.000ns fall@5.000ns period=10.000ns})
  Destination:            u_cfg_cdc/cfg_baud_hold_reg[12]/CLR
                            (recovery check against rising-edge clock pclk  {rise@0.000ns fall@5.000ns period=10.000ns})
  Path Group:             **async_default**
  Path Type:              Recovery (Max at Slow Process Corner)
  Requirement:            10.000ns  (pclk rise@10.000ns - pclk rise@0.000ns)
  Data Path Delay:        1.940ns  (logic 0.751ns (38.711%)  route 1.189ns (61.289%))
  Logic Levels:           1  (LUT1=1)
  Clock Path Skew:        -0.145ns (DCD - SCD + CPR)
    Destination Clock Delay (DCD):    2.079ns = ( 12.079 - 10.000 ) 
    Source Clock Delay      (SCD):    2.402ns
    Clock Pessimism Removal (CPR):    0.178ns
  Clock Uncertainty:      0.035ns  ((TSJ^2 + TIJ^2)^1/2 + DJ) / 2 + PE
    Total System Jitter     (TSJ):    0.071ns
    Total Input Jitter      (TIJ):    0.000ns
    Discrete Jitter          (DJ):    0.000ns
    Phase Error              (PE):    0.000ns

    Location             Delay type                Incr(ns)  Path(ns)    Netlist Resource(s)
  -------------------------------------------------------------------    -------------------
                         (clock pclk rise edge)       0.000     0.000 r  
                                                      0.000     0.000 r  pclk (IN)
                         net (fo=0)                   0.000     0.000    pclk
                         IBUF (Prop_ibuf_I_O)         0.923     0.923 r  pclk_IBUF_inst/O
                         net (fo=1, unplaced)         0.800     1.722    pclk_IBUF
                         BUFG (Prop_bufg_I_O)         0.096     1.818 r  pclk_IBUF_BUFG_inst/O
                         net (fo=164, unplaced)       0.584     2.402    u_pclk_reset_sync/pclk_IBUF_BUFG
                         FDCE                                         r  u_pclk_reset_sync/sync_pipe_reg[1]/C
  -------------------------------------------------------------------    -------------------
                         FDCE (Prop_fdce_C_Q)         0.456     2.858 r  u_pclk_reset_sync/sync_pipe_reg[1]/Q
                         net (fo=1, unplaced)         0.311     3.169    u_pclk_reset_sync/sync_pipe[1]
                         LUT1 (Prop_lut1_I0_O)        0.295     3.464 f  u_pclk_reset_sync/ctrl_reg[2]_i_2/O
                         net (fo=110, unplaced)       0.878     4.342    u_cfg_cdc/cfg_baud_hold_reg[0]_0
                         FDCE                                         f  u_cfg_cdc/cfg_baud_hold_reg[12]/CLR
  -------------------------------------------------------------------    -------------------

                         (clock pclk rise edge)      10.000    10.000 r  
                                                      0.000    10.000 r  pclk (IN)
                         net (fo=0)                   0.000    10.000    pclk
                         IBUF (Prop_ibuf_I_O)         0.789    10.789 r  pclk_IBUF_inst/O
                         net (fo=1, unplaced)         0.760    11.549    pclk_IBUF
                         BUFG (Prop_bufg_I_O)         0.091    11.640 r  pclk_IBUF_BUFG_inst/O
                         net (fo=164, unplaced)       0.439    12.079    u_cfg_cdc/pclk_IBUF_BUFG
                         FDCE                                         r  u_cfg_cdc/cfg_baud_hold_reg[12]/C
                         clock pessimism              0.178    12.257    
                         clock uncertainty           -0.035    12.222    
                         FDCE (Recov_fdce_C_CLR)     -0.409    11.813    u_cfg_cdc/cfg_baud_hold_reg[12]
  -------------------------------------------------------------------
                         required time                         11.813    
                         arrival time                          -4.342    
  -------------------------------------------------------------------
                         slack                                  7.471    





---------------------------------------------------------------------------------------------------
Path Group:  **async_default**
From Clock:  uart_clk
  To Clock:  uart_clk

Setup :            0  Failing Endpoints,  Worst Slack       37.480ns,  Total Violation        0.000ns
Hold  :           NA  Failing Endpoints,  Worst Slack           NA  ,  Total Violation           NA
---------------------------------------------------------------------------------------------------


Max Delay Paths
--------------------------------------------------------------------------------------
Slack (MET) :             37.480ns  (required time - arrival time)
  Source:                 u_fifo_uart_reset_sync/sync_pipe_reg[1]/C
                            (rising edge-triggered cell FDCE clocked by uart_clk  {rise@0.000ns fall@20.000ns period=40.000ns})
  Destination:            u_cfg_cdc/baud_uart_cfg_reg[0]/CLR
                            (recovery check against rising-edge clock uart_clk  {rise@0.000ns fall@20.000ns period=40.000ns})
  Path Group:             **async_default**
  Path Type:              Recovery (Max at Slow Process Corner)
  Requirement:            40.000ns  (uart_clk rise@40.000ns - uart_clk rise@0.000ns)
  Data Path Delay:        1.931ns  (logic 0.751ns (38.892%)  route 1.180ns (61.108%))
  Logic Levels:           1  (LUT1=1)
  Clock Path Skew:        -0.145ns (DCD - SCD + CPR)
    Destination Clock Delay (DCD):    2.079ns = ( 42.079 - 40.000 ) 
    Source Clock Delay      (SCD):    2.402ns
    Clock Pessimism Removal (CPR):    0.178ns
  Clock Uncertainty:      0.035ns  ((TSJ^2 + TIJ^2)^1/2 + DJ) / 2 + PE
    Total System Jitter     (TSJ):    0.071ns
    Total Input Jitter      (TIJ):    0.000ns
    Discrete Jitter          (DJ):    0.000ns
    Phase Error              (PE):    0.000ns

    Location             Delay type                Incr(ns)  Path(ns)    Netlist Resource(s)
  -------------------------------------------------------------------    -------------------
                         (clock uart_clk rise edge)
                                                      0.000     0.000 r  
                                                      0.000     0.000 r  uart_clk (IN)
                         net (fo=0)                   0.000     0.000    uart_clk
                         IBUF (Prop_ibuf_I_O)         0.923     0.923 r  uart_clk_IBUF_inst/O
                         net (fo=1, unplaced)         0.800     1.722    uart_clk_IBUF
                         BUFG (Prop_bufg_I_O)         0.096     1.818 r  uart_clk_IBUF_BUFG_inst/O
                         net (fo=162, unplaced)       0.584     2.402    u_fifo_uart_reset_sync/uart_clk_IBUF_BUFG
                         FDCE                                         r  u_fifo_uart_reset_sync/sync_pipe_reg[1]/C
  -------------------------------------------------------------------    -------------------
                         FDCE (Prop_fdce_C_Q)         0.456     2.858 r  u_fifo_uart_reset_sync/sync_pipe_reg[1]/Q
                         net (fo=1, unplaced)         0.311     3.169    u_fifo_uart_reset_sync/sync_pipe[1]
                         LUT1 (Prop_lut1_I0_O)        0.295     3.464 f  u_fifo_uart_reset_sync/cfg_req_meta_i_1/O
                         net (fo=76, unplaced)        0.869     4.333    u_cfg_cdc/baud_uart_cfg_reg[0]_2
                         FDCE                                         f  u_cfg_cdc/baud_uart_cfg_reg[0]/CLR
  -------------------------------------------------------------------    -------------------

                         (clock uart_clk rise edge)
                                                     40.000    40.000 r  
                                                      0.000    40.000 r  uart_clk (IN)
                         net (fo=0)                   0.000    40.000    uart_clk
                         IBUF (Prop_ibuf_I_O)         0.789    40.789 r  uart_clk_IBUF_inst/O
                         net (fo=1, unplaced)         0.760    41.549    uart_clk_IBUF
                         BUFG (Prop_bufg_I_O)         0.091    41.640 r  uart_clk_IBUF_BUFG_inst/O
                         net (fo=162, unplaced)       0.439    42.079    u_cfg_cdc/uart_clk_IBUF_BUFG
                         FDCE                                         r  u_cfg_cdc/baud_uart_cfg_reg[0]/C
                         clock pessimism              0.178    42.257    
                         clock uncertainty           -0.035    42.222    
                         FDCE (Recov_fdce_C_CLR)     -0.409    41.813    u_cfg_cdc/baud_uart_cfg_reg[0]
  -------------------------------------------------------------------
                         required time                         41.813    
                         arrival time                          -4.333    
  -------------------------------------------------------------------
                         slack                                 37.480    

Slack (MET) :             37.480ns  (required time - arrival time)
  Source:                 u_fifo_uart_reset_sync/sync_pipe_reg[1]/C
                            (rising edge-triggered cell FDCE clocked by uart_clk  {rise@0.000ns fall@20.000ns period=40.000ns})
  Destination:            u_cfg_cdc/baud_uart_cfg_reg[10]/CLR
                            (recovery check against rising-edge clock uart_clk  {rise@0.000ns fall@20.000ns period=40.000ns})
  Path Group:             **async_default**
  Path Type:              Recovery (Max at Slow Process Corner)
  Requirement:            40.000ns  (uart_clk rise@40.000ns - uart_clk rise@0.000ns)
  Data Path Delay:        1.931ns  (logic 0.751ns (38.892%)  route 1.180ns (61.108%))
  Logic Levels:           1  (LUT1=1)
  Clock Path Skew:        -0.145ns (DCD - SCD + CPR)
    Destination Clock Delay (DCD):    2.079ns = ( 42.079 - 40.000 ) 
    Source Clock Delay      (SCD):    2.402ns
    Clock Pessimism Removal (CPR):    0.178ns
  Clock Uncertainty:      0.035ns  ((TSJ^2 + TIJ^2)^1/2 + DJ) / 2 + PE
    Total System Jitter     (TSJ):    0.071ns
    Total Input Jitter      (TIJ):    0.000ns
    Discrete Jitter          (DJ):    0.000ns
    Phase Error              (PE):    0.000ns

    Location             Delay type                Incr(ns)  Path(ns)    Netlist Resource(s)
  -------------------------------------------------------------------    -------------------
                         (clock uart_clk rise edge)
                                                      0.000     0.000 r  
                                                      0.000     0.000 r  uart_clk (IN)
                         net (fo=0)                   0.000     0.000    uart_clk
                         IBUF (Prop_ibuf_I_O)         0.923     0.923 r  uart_clk_IBUF_inst/O
                         net (fo=1, unplaced)         0.800     1.722    uart_clk_IBUF
                         BUFG (Prop_bufg_I_O)         0.096     1.818 r  uart_clk_IBUF_BUFG_inst/O
                         net (fo=162, unplaced)       0.584     2.402    u_fifo_uart_reset_sync/uart_clk_IBUF_BUFG
                         FDCE                                         r  u_fifo_uart_reset_sync/sync_pipe_reg[1]/C
  -------------------------------------------------------------------    -------------------
                         FDCE (Prop_fdce_C_Q)         0.456     2.858 r  u_fifo_uart_reset_sync/sync_pipe_reg[1]/Q
                         net (fo=1, unplaced)         0.311     3.169    u_fifo_uart_reset_sync/sync_pipe[1]
                         LUT1 (Prop_lut1_I0_O)        0.295     3.464 f  u_fifo_uart_reset_sync/cfg_req_meta_i_1/O
                         net (fo=76, unplaced)        0.869     4.333    u_cfg_cdc/baud_uart_cfg_reg[0]_2
                         FDCE                                         f  u_cfg_cdc/baud_uart_cfg_reg[10]/CLR
  -------------------------------------------------------------------    -------------------

                         (clock uart_clk rise edge)
                                                     40.000    40.000 r  
                                                      0.000    40.000 r  uart_clk (IN)
                         net (fo=0)                   0.000    40.000    uart_clk
                         IBUF (Prop_ibuf_I_O)         0.789    40.789 r  uart_clk_IBUF_inst/O
                         net (fo=1, unplaced)         0.760    41.549    uart_clk_IBUF
                         BUFG (Prop_bufg_I_O)         0.091    41.640 r  uart_clk_IBUF_BUFG_inst/O
                         net (fo=162, unplaced)       0.439    42.079    u_cfg_cdc/uart_clk_IBUF_BUFG
                         FDCE                                         r  u_cfg_cdc/baud_uart_cfg_reg[10]/C
                         clock pessimism              0.178    42.257    
                         clock uncertainty           -0.035    42.222    
                         FDCE (Recov_fdce_C_CLR)     -0.409    41.813    u_cfg_cdc/baud_uart_cfg_reg[10]
  -------------------------------------------------------------------
                         required time                         41.813    
                         arrival time                          -4.333    
  -------------------------------------------------------------------
                         slack                                 37.480    

Slack (MET) :             37.480ns  (required time - arrival time)
  Source:                 u_fifo_uart_reset_sync/sync_pipe_reg[1]/C
                            (rising edge-triggered cell FDCE clocked by uart_clk  {rise@0.000ns fall@20.000ns period=40.000ns})
  Destination:            u_cfg_cdc/baud_uart_cfg_reg[11]/CLR
                            (recovery check against rising-edge clock uart_clk  {rise@0.000ns fall@20.000ns period=40.000ns})
  Path Group:             **async_default**
  Path Type:              Recovery (Max at Slow Process Corner)
  Requirement:            40.000ns  (uart_clk rise@40.000ns - uart_clk rise@0.000ns)
  Data Path Delay:        1.931ns  (logic 0.751ns (38.892%)  route 1.180ns (61.108%))
  Logic Levels:           1  (LUT1=1)
  Clock Path Skew:        -0.145ns (DCD - SCD + CPR)
    Destination Clock Delay (DCD):    2.079ns = ( 42.079 - 40.000 ) 
    Source Clock Delay      (SCD):    2.402ns
    Clock Pessimism Removal (CPR):    0.178ns
  Clock Uncertainty:      0.035ns  ((TSJ^2 + TIJ^2)^1/2 + DJ) / 2 + PE
    Total System Jitter     (TSJ):    0.071ns
    Total Input Jitter      (TIJ):    0.000ns
    Discrete Jitter          (DJ):    0.000ns
    Phase Error              (PE):    0.000ns

    Location             Delay type                Incr(ns)  Path(ns)    Netlist Resource(s)
  -------------------------------------------------------------------    -------------------
                         (clock uart_clk rise edge)
                                                      0.000     0.000 r  
                                                      0.000     0.000 r  uart_clk (IN)
                         net (fo=0)                   0.000     0.000    uart_clk
                         IBUF (Prop_ibuf_I_O)         0.923     0.923 r  uart_clk_IBUF_inst/O
                         net (fo=1, unplaced)         0.800     1.722    uart_clk_IBUF
                         BUFG (Prop_bufg_I_O)         0.096     1.818 r  uart_clk_IBUF_BUFG_inst/O
                         net (fo=162, unplaced)       0.584     2.402    u_fifo_uart_reset_sync/uart_clk_IBUF_BUFG
                         FDCE                                         r  u_fifo_uart_reset_sync/sync_pipe_reg[1]/C
  -------------------------------------------------------------------    -------------------
                         FDCE (Prop_fdce_C_Q)         0.456     2.858 r  u_fifo_uart_reset_sync/sync_pipe_reg[1]/Q
                         net (fo=1, unplaced)         0.311     3.169    u_fifo_uart_reset_sync/sync_pipe[1]
                         LUT1 (Prop_lut1_I0_O)        0.295     3.464 f  u_fifo_uart_reset_sync/cfg_req_meta_i_1/O
                         net (fo=76, unplaced)        0.869     4.333    u_cfg_cdc/baud_uart_cfg_reg[0]_2
                         FDCE                                         f  u_cfg_cdc/baud_uart_cfg_reg[11]/CLR
  -------------------------------------------------------------------    -------------------

                         (clock uart_clk rise edge)
                                                     40.000    40.000 r  
                                                      0.000    40.000 r  uart_clk (IN)
                         net (fo=0)                   0.000    40.000    uart_clk
                         IBUF (Prop_ibuf_I_O)         0.789    40.789 r  uart_clk_IBUF_inst/O
                         net (fo=1, unplaced)         0.760    41.549    uart_clk_IBUF
                         BUFG (Prop_bufg_I_O)         0.091    41.640 r  uart_clk_IBUF_BUFG_inst/O
                         net (fo=162, unplaced)       0.439    42.079    u_cfg_cdc/uart_clk_IBUF_BUFG
                         FDCE                                         r  u_cfg_cdc/baud_uart_cfg_reg[11]/C
                         clock pessimism              0.178    42.257    
                         clock uncertainty           -0.035    42.222    
                         FDCE (Recov_fdce_C_CLR)     -0.409    41.813    u_cfg_cdc/baud_uart_cfg_reg[11]
  -------------------------------------------------------------------
                         required time                         41.813    
                         arrival time                          -4.333    
  -------------------------------------------------------------------
                         slack                                 37.480    

Slack (MET) :             37.480ns  (required time - arrival time)
  Source:                 u_fifo_uart_reset_sync/sync_pipe_reg[1]/C
                            (rising edge-triggered cell FDCE clocked by uart_clk  {rise@0.000ns fall@20.000ns period=40.000ns})
  Destination:            u_cfg_cdc/baud_uart_cfg_reg[12]/CLR
                            (recovery check against rising-edge clock uart_clk  {rise@0.000ns fall@20.000ns period=40.000ns})
  Path Group:             **async_default**
  Path Type:              Recovery (Max at Slow Process Corner)
  Requirement:            40.000ns  (uart_clk rise@40.000ns - uart_clk rise@0.000ns)
  Data Path Delay:        1.931ns  (logic 0.751ns (38.892%)  route 1.180ns (61.108%))
  Logic Levels:           1  (LUT1=1)
  Clock Path Skew:        -0.145ns (DCD - SCD + CPR)
    Destination Clock Delay (DCD):    2.079ns = ( 42.079 - 40.000 ) 
    Source Clock Delay      (SCD):    2.402ns
    Clock Pessimism Removal (CPR):    0.178ns
  Clock Uncertainty:      0.035ns  ((TSJ^2 + TIJ^2)^1/2 + DJ) / 2 + PE
    Total System Jitter     (TSJ):    0.071ns
    Total Input Jitter      (TIJ):    0.000ns
    Discrete Jitter          (DJ):    0.000ns
    Phase Error              (PE):    0.000ns

    Location             Delay type                Incr(ns)  Path(ns)    Netlist Resource(s)
  -------------------------------------------------------------------    -------------------
                         (clock uart_clk rise edge)
                                                      0.000     0.000 r  
                                                      0.000     0.000 r  uart_clk (IN)
                         net (fo=0)                   0.000     0.000    uart_clk
                         IBUF (Prop_ibuf_I_O)         0.923     0.923 r  uart_clk_IBUF_inst/O
                         net (fo=1, unplaced)         0.800     1.722    uart_clk_IBUF
                         BUFG (Prop_bufg_I_O)         0.096     1.818 r  uart_clk_IBUF_BUFG_inst/O
                         net (fo=162, unplaced)       0.584     2.402    u_fifo_uart_reset_sync/uart_clk_IBUF_BUFG
                         FDCE                                         r  u_fifo_uart_reset_sync/sync_pipe_reg[1]/C
  -------------------------------------------------------------------    -------------------
                         FDCE (Prop_fdce_C_Q)         0.456     2.858 r  u_fifo_uart_reset_sync/sync_pipe_reg[1]/Q
                         net (fo=1, unplaced)         0.311     3.169    u_fifo_uart_reset_sync/sync_pipe[1]
                         LUT1 (Prop_lut1_I0_O)        0.295     3.464 f  u_fifo_uart_reset_sync/cfg_req_meta_i_1/O
                         net (fo=76, unplaced)        0.869     4.333    u_cfg_cdc/baud_uart_cfg_reg[0]_2
                         FDCE                                         f  u_cfg_cdc/baud_uart_cfg_reg[12]/CLR
  -------------------------------------------------------------------    -------------------

                         (clock uart_clk rise edge)
                                                     40.000    40.000 r  
                                                      0.000    40.000 r  uart_clk (IN)
                         net (fo=0)                   0.000    40.000    uart_clk
                         IBUF (Prop_ibuf_I_O)         0.789    40.789 r  uart_clk_IBUF_inst/O
                         net (fo=1, unplaced)         0.760    41.549    uart_clk_IBUF
                         BUFG (Prop_bufg_I_O)         0.091    41.640 r  uart_clk_IBUF_BUFG_inst/O
                         net (fo=162, unplaced)       0.439    42.079    u_cfg_cdc/uart_clk_IBUF_BUFG
                         FDCE                                         r  u_cfg_cdc/baud_uart_cfg_reg[12]/C
                         clock pessimism              0.178    42.257    
                         clock uncertainty           -0.035    42.222    
                         FDCE (Recov_fdce_C_CLR)     -0.409    41.813    u_cfg_cdc/baud_uart_cfg_reg[12]
  -------------------------------------------------------------------
                         required time                         41.813    
                         arrival time                          -4.333    
  -------------------------------------------------------------------
                         slack                                 37.480    

Slack (MET) :             37.480ns  (required time - arrival time)
  Source:                 u_fifo_uart_reset_sync/sync_pipe_reg[1]/C
                            (rising edge-triggered cell FDCE clocked by uart_clk  {rise@0.000ns fall@20.000ns period=40.000ns})
  Destination:            u_cfg_cdc/baud_uart_cfg_reg[13]/CLR
                            (recovery check against rising-edge clock uart_clk  {rise@0.000ns fall@20.000ns period=40.000ns})
  Path Group:             **async_default**
  Path Type:              Recovery (Max at Slow Process Corner)
  Requirement:            40.000ns  (uart_clk rise@40.000ns - uart_clk rise@0.000ns)
  Data Path Delay:        1.931ns  (logic 0.751ns (38.892%)  route 1.180ns (61.108%))
  Logic Levels:           1  (LUT1=1)
  Clock Path Skew:        -0.145ns (DCD - SCD + CPR)
    Destination Clock Delay (DCD):    2.079ns = ( 42.079 - 40.000 ) 
    Source Clock Delay      (SCD):    2.402ns
    Clock Pessimism Removal (CPR):    0.178ns
  Clock Uncertainty:      0.035ns  ((TSJ^2 + TIJ^2)^1/2 + DJ) / 2 + PE
    Total System Jitter     (TSJ):    0.071ns
    Total Input Jitter      (TIJ):    0.000ns
    Discrete Jitter          (DJ):    0.000ns
    Phase Error              (PE):    0.000ns

    Location             Delay type                Incr(ns)  Path(ns)    Netlist Resource(s)
  -------------------------------------------------------------------    -------------------
                         (clock uart_clk rise edge)
                                                      0.000     0.000 r  
                                                      0.000     0.000 r  uart_clk (IN)
                         net (fo=0)                   0.000     0.000    uart_clk
                         IBUF (Prop_ibuf_I_O)         0.923     0.923 r  uart_clk_IBUF_inst/O
                         net (fo=1, unplaced)         0.800     1.722    uart_clk_IBUF
                         BUFG (Prop_bufg_I_O)         0.096     1.818 r  uart_clk_IBUF_BUFG_inst/O
                         net (fo=162, unplaced)       0.584     2.402    u_fifo_uart_reset_sync/uart_clk_IBUF_BUFG
                         FDCE                                         r  u_fifo_uart_reset_sync/sync_pipe_reg[1]/C
  -------------------------------------------------------------------    -------------------
                         FDCE (Prop_fdce_C_Q)         0.456     2.858 r  u_fifo_uart_reset_sync/sync_pipe_reg[1]/Q
                         net (fo=1, unplaced)         0.311     3.169    u_fifo_uart_reset_sync/sync_pipe[1]
                         LUT1 (Prop_lut1_I0_O)        0.295     3.464 f  u_fifo_uart_reset_sync/cfg_req_meta_i_1/O
                         net (fo=76, unplaced)        0.869     4.333    u_cfg_cdc/baud_uart_cfg_reg[0]_2
                         FDCE                                         f  u_cfg_cdc/baud_uart_cfg_reg[13]/CLR
  -------------------------------------------------------------------    -------------------

                         (clock uart_clk rise edge)
                                                     40.000    40.000 r  
                                                      0.000    40.000 r  uart_clk (IN)
                         net (fo=0)                   0.000    40.000    uart_clk
                         IBUF (Prop_ibuf_I_O)         0.789    40.789 r  uart_clk_IBUF_inst/O
                         net (fo=1, unplaced)         0.760    41.549    uart_clk_IBUF
                         BUFG (Prop_bufg_I_O)         0.091    41.640 r  uart_clk_IBUF_BUFG_inst/O
                         net (fo=162, unplaced)       0.439    42.079    u_cfg_cdc/uart_clk_IBUF_BUFG
                         FDCE                                         r  u_cfg_cdc/baud_uart_cfg_reg[13]/C
                         clock pessimism              0.178    42.257    
                         clock uncertainty           -0.035    42.222    
                         FDCE (Recov_fdce_C_CLR)     -0.409    41.813    u_cfg_cdc/baud_uart_cfg_reg[13]
  -------------------------------------------------------------------
                         required time                         41.813    
                         arrival time                          -4.333    
  -------------------------------------------------------------------
                         slack                                 37.480    

Slack (MET) :             37.480ns  (required time - arrival time)
  Source:                 u_fifo_uart_reset_sync/sync_pipe_reg[1]/C
                            (rising edge-triggered cell FDCE clocked by uart_clk  {rise@0.000ns fall@20.000ns period=40.000ns})
  Destination:            u_cfg_cdc/baud_uart_cfg_reg[14]/CLR
                            (recovery check against rising-edge clock uart_clk  {rise@0.000ns fall@20.000ns period=40.000ns})
  Path Group:             **async_default**
  Path Type:              Recovery (Max at Slow Process Corner)
  Requirement:            40.000ns  (uart_clk rise@40.000ns - uart_clk rise@0.000ns)
  Data Path Delay:        1.931ns  (logic 0.751ns (38.892%)  route 1.180ns (61.108%))
  Logic Levels:           1  (LUT1=1)
  Clock Path Skew:        -0.145ns (DCD - SCD + CPR)
    Destination Clock Delay (DCD):    2.079ns = ( 42.079 - 40.000 ) 
    Source Clock Delay      (SCD):    2.402ns
    Clock Pessimism Removal (CPR):    0.178ns
  Clock Uncertainty:      0.035ns  ((TSJ^2 + TIJ^2)^1/2 + DJ) / 2 + PE
    Total System Jitter     (TSJ):    0.071ns
    Total Input Jitter      (TIJ):    0.000ns
    Discrete Jitter          (DJ):    0.000ns
    Phase Error              (PE):    0.000ns

    Location             Delay type                Incr(ns)  Path(ns)    Netlist Resource(s)
  -------------------------------------------------------------------    -------------------
                         (clock uart_clk rise edge)
                                                      0.000     0.000 r  
                                                      0.000     0.000 r  uart_clk (IN)
                         net (fo=0)                   0.000     0.000    uart_clk
                         IBUF (Prop_ibuf_I_O)         0.923     0.923 r  uart_clk_IBUF_inst/O
                         net (fo=1, unplaced)         0.800     1.722    uart_clk_IBUF
                         BUFG (Prop_bufg_I_O)         0.096     1.818 r  uart_clk_IBUF_BUFG_inst/O
                         net (fo=162, unplaced)       0.584     2.402    u_fifo_uart_reset_sync/uart_clk_IBUF_BUFG
                         FDCE                                         r  u_fifo_uart_reset_sync/sync_pipe_reg[1]/C
  -------------------------------------------------------------------    -------------------
                         FDCE (Prop_fdce_C_Q)         0.456     2.858 r  u_fifo_uart_reset_sync/sync_pipe_reg[1]/Q
                         net (fo=1, unplaced)         0.311     3.169    u_fifo_uart_reset_sync/sync_pipe[1]
                         LUT1 (Prop_lut1_I0_O)        0.295     3.464 f  u_fifo_uart_reset_sync/cfg_req_meta_i_1/O
                         net (fo=76, unplaced)        0.869     4.333    u_cfg_cdc/baud_uart_cfg_reg[0]_2
                         FDCE                                         f  u_cfg_cdc/baud_uart_cfg_reg[14]/CLR
  -------------------------------------------------------------------    -------------------

                         (clock uart_clk rise edge)
                                                     40.000    40.000 r  
                                                      0.000    40.000 r  uart_clk (IN)
                         net (fo=0)                   0.000    40.000    uart_clk
                         IBUF (Prop_ibuf_I_O)         0.789    40.789 r  uart_clk_IBUF_inst/O
                         net (fo=1, unplaced)         0.760    41.549    uart_clk_IBUF
                         BUFG (Prop_bufg_I_O)         0.091    41.640 r  uart_clk_IBUF_BUFG_inst/O
                         net (fo=162, unplaced)       0.439    42.079    u_cfg_cdc/uart_clk_IBUF_BUFG
                         FDCE                                         r  u_cfg_cdc/baud_uart_cfg_reg[14]/C
                         clock pessimism              0.178    42.257    
                         clock uncertainty           -0.035    42.222    
                         FDCE (Recov_fdce_C_CLR)     -0.409    41.813    u_cfg_cdc/baud_uart_cfg_reg[14]
  -------------------------------------------------------------------
                         required time                         41.813    
                         arrival time                          -4.333    
  -------------------------------------------------------------------
                         slack                                 37.480    

Slack (MET) :             37.480ns  (required time - arrival time)
  Source:                 u_fifo_uart_reset_sync/sync_pipe_reg[1]/C
                            (rising edge-triggered cell FDCE clocked by uart_clk  {rise@0.000ns fall@20.000ns period=40.000ns})
  Destination:            u_cfg_cdc/baud_uart_cfg_reg[15]/CLR
                            (recovery check against rising-edge clock uart_clk  {rise@0.000ns fall@20.000ns period=40.000ns})
  Path Group:             **async_default**
  Path Type:              Recovery (Max at Slow Process Corner)
  Requirement:            40.000ns  (uart_clk rise@40.000ns - uart_clk rise@0.000ns)
  Data Path Delay:        1.931ns  (logic 0.751ns (38.892%)  route 1.180ns (61.108%))
  Logic Levels:           1  (LUT1=1)
  Clock Path Skew:        -0.145ns (DCD - SCD + CPR)
    Destination Clock Delay (DCD):    2.079ns = ( 42.079 - 40.000 ) 
    Source Clock Delay      (SCD):    2.402ns
    Clock Pessimism Removal (CPR):    0.178ns
  Clock Uncertainty:      0.035ns  ((TSJ^2 + TIJ^2)^1/2 + DJ) / 2 + PE
    Total System Jitter     (TSJ):    0.071ns
    Total Input Jitter      (TIJ):    0.000ns
    Discrete Jitter          (DJ):    0.000ns
    Phase Error              (PE):    0.000ns

    Location             Delay type                Incr(ns)  Path(ns)    Netlist Resource(s)
  -------------------------------------------------------------------    -------------------
                         (clock uart_clk rise edge)
                                                      0.000     0.000 r  
                                                      0.000     0.000 r  uart_clk (IN)
                         net (fo=0)                   0.000     0.000    uart_clk
                         IBUF (Prop_ibuf_I_O)         0.923     0.923 r  uart_clk_IBUF_inst/O
                         net (fo=1, unplaced)         0.800     1.722    uart_clk_IBUF
                         BUFG (Prop_bufg_I_O)         0.096     1.818 r  uart_clk_IBUF_BUFG_inst/O
                         net (fo=162, unplaced)       0.584     2.402    u_fifo_uart_reset_sync/uart_clk_IBUF_BUFG
                         FDCE                                         r  u_fifo_uart_reset_sync/sync_pipe_reg[1]/C
  -------------------------------------------------------------------    -------------------
                         FDCE (Prop_fdce_C_Q)         0.456     2.858 r  u_fifo_uart_reset_sync/sync_pipe_reg[1]/Q
                         net (fo=1, unplaced)         0.311     3.169    u_fifo_uart_reset_sync/sync_pipe[1]
                         LUT1 (Prop_lut1_I0_O)        0.295     3.464 f  u_fifo_uart_reset_sync/cfg_req_meta_i_1/O
                         net (fo=76, unplaced)        0.869     4.333    u_cfg_cdc/baud_uart_cfg_reg[0]_2
                         FDCE                                         f  u_cfg_cdc/baud_uart_cfg_reg[15]/CLR
  -------------------------------------------------------------------    -------------------

                         (clock uart_clk rise edge)
                                                     40.000    40.000 r  
                                                      0.000    40.000 r  uart_clk (IN)
                         net (fo=0)                   0.000    40.000    uart_clk
                         IBUF (Prop_ibuf_I_O)         0.789    40.789 r  uart_clk_IBUF_inst/O
                         net (fo=1, unplaced)         0.760    41.549    uart_clk_IBUF
                         BUFG (Prop_bufg_I_O)         0.091    41.640 r  uart_clk_IBUF_BUFG_inst/O
                         net (fo=162, unplaced)       0.439    42.079    u_cfg_cdc/uart_clk_IBUF_BUFG
                         FDCE                                         r  u_cfg_cdc/baud_uart_cfg_reg[15]/C
                         clock pessimism              0.178    42.257    
                         clock uncertainty           -0.035    42.222    
                         FDCE (Recov_fdce_C_CLR)     -0.409    41.813    u_cfg_cdc/baud_uart_cfg_reg[15]
  -------------------------------------------------------------------
                         required time                         41.813    
                         arrival time                          -4.333    
  -------------------------------------------------------------------
                         slack                                 37.480    

Slack (MET) :             37.480ns  (required time - arrival time)
  Source:                 u_fifo_uart_reset_sync/sync_pipe_reg[1]/C
                            (rising edge-triggered cell FDCE clocked by uart_clk  {rise@0.000ns fall@20.000ns period=40.000ns})
  Destination:            u_cfg_cdc/baud_uart_cfg_reg[16]/CLR
                            (recovery check against rising-edge clock uart_clk  {rise@0.000ns fall@20.000ns period=40.000ns})
  Path Group:             **async_default**
  Path Type:              Recovery (Max at Slow Process Corner)
  Requirement:            40.000ns  (uart_clk rise@40.000ns - uart_clk rise@0.000ns)
  Data Path Delay:        1.931ns  (logic 0.751ns (38.892%)  route 1.180ns (61.108%))
  Logic Levels:           1  (LUT1=1)
  Clock Path Skew:        -0.145ns (DCD - SCD + CPR)
    Destination Clock Delay (DCD):    2.079ns = ( 42.079 - 40.000 ) 
    Source Clock Delay      (SCD):    2.402ns
    Clock Pessimism Removal (CPR):    0.178ns
  Clock Uncertainty:      0.035ns  ((TSJ^2 + TIJ^2)^1/2 + DJ) / 2 + PE
    Total System Jitter     (TSJ):    0.071ns
    Total Input Jitter      (TIJ):    0.000ns
    Discrete Jitter          (DJ):    0.000ns
    Phase Error              (PE):    0.000ns

    Location             Delay type                Incr(ns)  Path(ns)    Netlist Resource(s)
  -------------------------------------------------------------------    -------------------
                         (clock uart_clk rise edge)
                                                      0.000     0.000 r  
                                                      0.000     0.000 r  uart_clk (IN)
                         net (fo=0)                   0.000     0.000    uart_clk
                         IBUF (Prop_ibuf_I_O)         0.923     0.923 r  uart_clk_IBUF_inst/O
                         net (fo=1, unplaced)         0.800     1.722    uart_clk_IBUF
                         BUFG (Prop_bufg_I_O)         0.096     1.818 r  uart_clk_IBUF_BUFG_inst/O
                         net (fo=162, unplaced)       0.584     2.402    u_fifo_uart_reset_sync/uart_clk_IBUF_BUFG
                         FDCE                                         r  u_fifo_uart_reset_sync/sync_pipe_reg[1]/C
  -------------------------------------------------------------------    -------------------
                         FDCE (Prop_fdce_C_Q)         0.456     2.858 r  u_fifo_uart_reset_sync/sync_pipe_reg[1]/Q
                         net (fo=1, unplaced)         0.311     3.169    u_fifo_uart_reset_sync/sync_pipe[1]
                         LUT1 (Prop_lut1_I0_O)        0.295     3.464 f  u_fifo_uart_reset_sync/cfg_req_meta_i_1/O
                         net (fo=76, unplaced)        0.869     4.333    u_cfg_cdc/baud_uart_cfg_reg[0]_2
                         FDCE                                         f  u_cfg_cdc/baud_uart_cfg_reg[16]/CLR
  -------------------------------------------------------------------    -------------------

                         (clock uart_clk rise edge)
                                                     40.000    40.000 r  
                                                      0.000    40.000 r  uart_clk (IN)
                         net (fo=0)                   0.000    40.000    uart_clk
                         IBUF (Prop_ibuf_I_O)         0.789    40.789 r  uart_clk_IBUF_inst/O
                         net (fo=1, unplaced)         0.760    41.549    uart_clk_IBUF
                         BUFG (Prop_bufg_I_O)         0.091    41.640 r  uart_clk_IBUF_BUFG_inst/O
                         net (fo=162, unplaced)       0.439    42.079    u_cfg_cdc/uart_clk_IBUF_BUFG
                         FDCE                                         r  u_cfg_cdc/baud_uart_cfg_reg[16]/C
                         clock pessimism              0.178    42.257    
                         clock uncertainty           -0.035    42.222    
                         FDCE (Recov_fdce_C_CLR)     -0.409    41.813    u_cfg_cdc/baud_uart_cfg_reg[16]
  -------------------------------------------------------------------
                         required time                         41.813    
                         arrival time                          -4.333    
  -------------------------------------------------------------------
                         slack                                 37.480    

Slack (MET) :             37.480ns  (required time - arrival time)
  Source:                 u_fifo_uart_reset_sync/sync_pipe_reg[1]/C
                            (rising edge-triggered cell FDCE clocked by uart_clk  {rise@0.000ns fall@20.000ns period=40.000ns})
  Destination:            u_cfg_cdc/baud_uart_cfg_reg[17]/CLR
                            (recovery check against rising-edge clock uart_clk  {rise@0.000ns fall@20.000ns period=40.000ns})
  Path Group:             **async_default**
  Path Type:              Recovery (Max at Slow Process Corner)
  Requirement:            40.000ns  (uart_clk rise@40.000ns - uart_clk rise@0.000ns)
  Data Path Delay:        1.931ns  (logic 0.751ns (38.892%)  route 1.180ns (61.108%))
  Logic Levels:           1  (LUT1=1)
  Clock Path Skew:        -0.145ns (DCD - SCD + CPR)
    Destination Clock Delay (DCD):    2.079ns = ( 42.079 - 40.000 ) 
    Source Clock Delay      (SCD):    2.402ns
    Clock Pessimism Removal (CPR):    0.178ns
  Clock Uncertainty:      0.035ns  ((TSJ^2 + TIJ^2)^1/2 + DJ) / 2 + PE
    Total System Jitter     (TSJ):    0.071ns
    Total Input Jitter      (TIJ):    0.000ns
    Discrete Jitter          (DJ):    0.000ns
    Phase Error              (PE):    0.000ns

    Location             Delay type                Incr(ns)  Path(ns)    Netlist Resource(s)
  -------------------------------------------------------------------    -------------------
                         (clock uart_clk rise edge)
                                                      0.000     0.000 r  
                                                      0.000     0.000 r  uart_clk (IN)
                         net (fo=0)                   0.000     0.000    uart_clk
                         IBUF (Prop_ibuf_I_O)         0.923     0.923 r  uart_clk_IBUF_inst/O
                         net (fo=1, unplaced)         0.800     1.722    uart_clk_IBUF
                         BUFG (Prop_bufg_I_O)         0.096     1.818 r  uart_clk_IBUF_BUFG_inst/O
                         net (fo=162, unplaced)       0.584     2.402    u_fifo_uart_reset_sync/uart_clk_IBUF_BUFG
                         FDCE                                         r  u_fifo_uart_reset_sync/sync_pipe_reg[1]/C
  -------------------------------------------------------------------    -------------------
                         FDCE (Prop_fdce_C_Q)         0.456     2.858 r  u_fifo_uart_reset_sync/sync_pipe_reg[1]/Q
                         net (fo=1, unplaced)         0.311     3.169    u_fifo_uart_reset_sync/sync_pipe[1]
                         LUT1 (Prop_lut1_I0_O)        0.295     3.464 f  u_fifo_uart_reset_sync/cfg_req_meta_i_1/O
                         net (fo=76, unplaced)        0.869     4.333    u_cfg_cdc/baud_uart_cfg_reg[0]_2
                         FDCE                                         f  u_cfg_cdc/baud_uart_cfg_reg[17]/CLR
  -------------------------------------------------------------------    -------------------

                         (clock uart_clk rise edge)
                                                     40.000    40.000 r  
                                                      0.000    40.000 r  uart_clk (IN)
                         net (fo=0)                   0.000    40.000    uart_clk
                         IBUF (Prop_ibuf_I_O)         0.789    40.789 r  uart_clk_IBUF_inst/O
                         net (fo=1, unplaced)         0.760    41.549    uart_clk_IBUF
                         BUFG (Prop_bufg_I_O)         0.091    41.640 r  uart_clk_IBUF_BUFG_inst/O
                         net (fo=162, unplaced)       0.439    42.079    u_cfg_cdc/uart_clk_IBUF_BUFG
                         FDCE                                         r  u_cfg_cdc/baud_uart_cfg_reg[17]/C
                         clock pessimism              0.178    42.257    
                         clock uncertainty           -0.035    42.222    
                         FDCE (Recov_fdce_C_CLR)     -0.409    41.813    u_cfg_cdc/baud_uart_cfg_reg[17]
  -------------------------------------------------------------------
                         required time                         41.813    
                         arrival time                          -4.333    
  -------------------------------------------------------------------
                         slack                                 37.480    

Slack (MET) :             37.480ns  (required time - arrival time)
  Source:                 u_fifo_uart_reset_sync/sync_pipe_reg[1]/C
                            (rising edge-triggered cell FDCE clocked by uart_clk  {rise@0.000ns fall@20.000ns period=40.000ns})
  Destination:            u_cfg_cdc/baud_uart_cfg_reg[18]/CLR
                            (recovery check against rising-edge clock uart_clk  {rise@0.000ns fall@20.000ns period=40.000ns})
  Path Group:             **async_default**
  Path Type:              Recovery (Max at Slow Process Corner)
  Requirement:            40.000ns  (uart_clk rise@40.000ns - uart_clk rise@0.000ns)
  Data Path Delay:        1.931ns  (logic 0.751ns (38.892%)  route 1.180ns (61.108%))
  Logic Levels:           1  (LUT1=1)
  Clock Path Skew:        -0.145ns (DCD - SCD + CPR)
    Destination Clock Delay (DCD):    2.079ns = ( 42.079 - 40.000 ) 
    Source Clock Delay      (SCD):    2.402ns
    Clock Pessimism Removal (CPR):    0.178ns
  Clock Uncertainty:      0.035ns  ((TSJ^2 + TIJ^2)^1/2 + DJ) / 2 + PE
    Total System Jitter     (TSJ):    0.071ns
    Total Input Jitter      (TIJ):    0.000ns
    Discrete Jitter          (DJ):    0.000ns
    Phase Error              (PE):    0.000ns

    Location             Delay type                Incr(ns)  Path(ns)    Netlist Resource(s)
  -------------------------------------------------------------------    -------------------
                         (clock uart_clk rise edge)
                                                      0.000     0.000 r  
                                                      0.000     0.000 r  uart_clk (IN)
                         net (fo=0)                   0.000     0.000    uart_clk
                         IBUF (Prop_ibuf_I_O)         0.923     0.923 r  uart_clk_IBUF_inst/O
                         net (fo=1, unplaced)         0.800     1.722    uart_clk_IBUF
                         BUFG (Prop_bufg_I_O)         0.096     1.818 r  uart_clk_IBUF_BUFG_inst/O
                         net (fo=162, unplaced)       0.584     2.402    u_fifo_uart_reset_sync/uart_clk_IBUF_BUFG
                         FDCE                                         r  u_fifo_uart_reset_sync/sync_pipe_reg[1]/C
  -------------------------------------------------------------------    -------------------
                         FDCE (Prop_fdce_C_Q)         0.456     2.858 r  u_fifo_uart_reset_sync/sync_pipe_reg[1]/Q
                         net (fo=1, unplaced)         0.311     3.169    u_fifo_uart_reset_sync/sync_pipe[1]
                         LUT1 (Prop_lut1_I0_O)        0.295     3.464 f  u_fifo_uart_reset_sync/cfg_req_meta_i_1/O
                         net (fo=76, unplaced)        0.869     4.333    u_cfg_cdc/baud_uart_cfg_reg[0]_2
                         FDCE                                         f  u_cfg_cdc/baud_uart_cfg_reg[18]/CLR
  -------------------------------------------------------------------    -------------------

                         (clock uart_clk rise edge)
                                                     40.000    40.000 r  
                                                      0.000    40.000 r  uart_clk (IN)
                         net (fo=0)                   0.000    40.000    uart_clk
                         IBUF (Prop_ibuf_I_O)         0.789    40.789 r  uart_clk_IBUF_inst/O
                         net (fo=1, unplaced)         0.760    41.549    uart_clk_IBUF
                         BUFG (Prop_bufg_I_O)         0.091    41.640 r  uart_clk_IBUF_BUFG_inst/O
                         net (fo=162, unplaced)       0.439    42.079    u_cfg_cdc/uart_clk_IBUF_BUFG
                         FDCE                                         r  u_cfg_cdc/baud_uart_cfg_reg[18]/C
                         clock pessimism              0.178    42.257    
                         clock uncertainty           -0.035    42.222    
                         FDCE (Recov_fdce_C_CLR)     -0.409    41.813    u_cfg_cdc/baud_uart_cfg_reg[18]
  -------------------------------------------------------------------
                         required time                         41.813    
                         arrival time                          -4.333    
  -------------------------------------------------------------------
                         slack                                 37.480    





